,embd_fold
0,/mnt/efs_v2/dbgap_tcga/users/tianrui.qi/SIP-DB2/data/embd/SRR8924580
1,/mnt/efs_v2/dbgap_tcga/users/tianrui.qi/SIP-DB2/data/embd/SRR8924581
2,/mnt/efs_v2/dbgap_tcga/users/tianrui.qi/SIP-DB2/data/embd/SRR8924582
3,/mnt/efs_v2/dbgap_tcga/users/tianrui.qi/SIP-DB2/data/embd/SRR8924583
4,/mnt/efs_v2/dbgap_tcga/users/tianrui.qi/SIP-DB2/data/embd/SRR8924584
5,/mnt/efs_v2/dbgap_tcga/users/tianrui.qi/SIP-DB2/data/embd/SRR8924585
6,/mnt/efs_v2/dbgap_tcga/users/tianrui.qi/SIP-DB2/data/embd/SRR8924586
7,/mnt/efs_v2/dbgap_tcga/users/tianrui.qi/SIP-DB2/data/embd/SRR8924587
8,/mnt/efs_v2/dbgap_tcga/users/tianrui.qi/SIP-DB2/data/embd/SRR8924588
9,/mnt/efs_v2/dbgap_tcga/users/tianrui.qi/SIP-DB2/data/embd/SRR8924589
10,/mnt/efs_v2/dbgap_tcga/users/tianrui.qi/SIP-DB2/data/embd/SRR8924590
11,/mnt/efs_v2/dbgap_tcga/users/tianrui.qi/SIP-DB2/data/embd/SRR8924591
12,/mnt/efs_v2/dbgap_tcga/users/tianrui.qi/SIP-DB2/data/embd/SRR8924592
13,/mnt/efs_v2/dbgap_tcga/users/tianrui.qi/SIP-DB2/data/embd/SRR8924593
14,/mnt/efs_v2/dbgap_tcga/users/tianrui.qi/SIP-DB2/data/embd/SRR8924594
15,/mnt/efs_v2/dbgap_tcga/users/tianrui.qi/SIP-DB2/data/embd/SRR8924595
16,/mnt/efs_v2/dbgap_tcga/users/tianrui.qi/SIP-DB2/data/embd/SRR8924596
17,/mnt/efs_v2/dbgap_tcga/users/tianrui.qi/SIP-DB2/data/embd/SRR8924597
18,/mnt/efs_v2/dbgap_tcga/users/tianrui.qi/SIP-DB2/data/embd/SRR8924598
19,/mnt/efs_v2/dbgap_tcga/users/tianrui.qi/SIP-DB2/data/embd/SRR8924599
20,/mnt/efs_v2/dbgap_tcga/users/tianrui.qi/SIP-DB2/data/embd/SRR8924600
21,/mnt/efs_v2/dbgap_tcga/users/tianrui.qi/SIP-DB2/data/embd/SRR8924601
22,/mnt/efs_v2/dbgap_tcga/users/tianrui.qi/SIP-DB2/data/embd/SRR8924602
23,/mnt/efs_v2/dbgap_tcga/users/tianrui.qi/SIP-DB2/data/embd/TCGA-3N-A9WB-06A
24,/mnt/efs_v2/dbgap_tcga/users/tianrui.qi/SIP-DB2/data/embd/TCGA-3N-A9WB-10A
25,/mnt/efs_v2/dbgap_tcga/users/tianrui.qi/SIP-DB2/data/embd/TCGA-3N-A9WC-06A
26,/mnt/efs_v2/dbgap_tcga/users/tianrui.qi/SIP-DB2/data/embd/TCGA-3N-A9WC-10A
27,/mnt/efs_v2/dbgap_tcga/users/tianrui.qi/SIP-DB2/data/embd/TCGA-3N-A9WD-06A
28,/mnt/efs_v2/dbgap_tcga/users/tianrui.qi/SIP-DB2/data/embd/TCGA-3N-A9WD-10A
29,/mnt/efs_v2/dbgap_tcga/users/tianrui.qi/SIP-DB2/data/embd/TCGA-BF-A1PU-01A
30,/mnt/efs_v2/dbgap_tcga/users/tianrui.qi/SIP-DB2/data/embd/TCGA-BF-A1PU-10A
31,/mnt/efs_v2/dbgap_tcga/users/tianrui.qi/SIP-DB2/data/embd/TCGA-BF-A1PV-01A
32,/mnt/efs_v2/dbgap_tcga/users/tianrui.qi/SIP-DB2/data/embd/TCGA-BF-A1PV-10A
33,/mnt/efs_v2/dbgap_tcga/users/tianrui.qi/SIP-DB2/data/embd/TCGA-BF-A1PX-01A
34,/mnt/efs_v2/dbgap_tcga/users/tianrui.qi/SIP-DB2/data/embd/TCGA-BF-A1PX-10A
35,/mnt/efs_v2/dbgap_tcga/users/tianrui.qi/SIP-DB2/data/embd/TCGA-BF-A1PZ-01A
36,/mnt/efs_v2/dbgap_tcga/users/tianrui.qi/SIP-DB2/data/embd/TCGA-BF-A1PZ-10A
37,/mnt/efs_v2/dbgap_tcga/users/tianrui.qi/SIP-DB2/data/embd/TCGA-BF-A1Q0-01A
38,/mnt/efs_v2/dbgap_tcga/users/tianrui.qi/SIP-DB2/data/embd/TCGA-BF-A1Q0-10A
39,/mnt/efs_v2/dbgap_tcga/users/tianrui.qi/SIP-DB2/data/embd/TCGA-BF-A3DJ-01A
40,/mnt/efs_v2/dbgap_tcga/users/tianrui.qi/SIP-DB2/data/embd/TCGA-BF-A3DJ-10A
41,/mnt/efs_v2/dbgap_tcga/users/tianrui.qi/SIP-DB2/data/embd/TCGA-BF-A3DL-01A
42,/mnt/efs_v2/dbgap_tcga/users/tianrui.qi/SIP-DB2/data/embd/TCGA-BF-A3DL-10A
43,/mnt/efs_v2/dbgap_tcga/users/tianrui.qi/SIP-DB2/data/embd/TCGA-BF-A3DM-01A
44,/mnt/efs_v2/dbgap_tcga/users/tianrui.qi/SIP-DB2/data/embd/TCGA-BF-A3DM-10A
45,/mnt/efs_v2/dbgap_tcga/users/tianrui.qi/SIP-DB2/data/embd/TCGA-BF-A3DN-01A
46,/mnt/efs_v2/dbgap_tcga/users/tianrui.qi/SIP-DB2/data/embd/TCGA-BF-A3DN-10A
47,/mnt/efs_v2/dbgap_tcga/users/tianrui.qi/SIP-DB2/data/embd/TCGA-BF-A5EO-01A
48,/mnt/efs_v2/dbgap_tcga/users/tianrui.qi/SIP-DB2/data/embd/TCGA-BF-A5EO-10A
49,/mnt/efs_v2/dbgap_tcga/users/tianrui.qi/SIP-DB2/data/embd/TCGA-BF-A5EP-01A
50,/mnt/efs_v2/dbgap_tcga/users/tianrui.qi/SIP-DB2/data/embd/TCGA-BF-A5EP-10A
51,/mnt/efs_v2/dbgap_tcga/users/tianrui.qi/SIP-DB2/data/embd/TCGA-BF-A5EQ-01A
52,/mnt/efs_v2/dbgap_tcga/users/tianrui.qi/SIP-DB2/data/embd/TCGA-BF-A5EQ-10A
53,/mnt/efs_v2/dbgap_tcga/users/tianrui.qi/SIP-DB2/data/embd/TCGA-BF-A5ER-01A
54,/mnt/efs_v2/dbgap_tcga/users/tianrui.qi/SIP-DB2/data/embd/TCGA-BF-A5ER-10A
55,/mnt/efs_v2/dbgap_tcga/users/tianrui.qi/SIP-DB2/data/embd/TCGA-BF-A5ES-01A
56,/mnt/efs_v2/dbgap_tcga/users/tianrui.qi/SIP-DB2/data/embd/TCGA-BF-A5ES-10A
57,/mnt/efs_v2/dbgap_tcga/users/tianrui.qi/SIP-DB2/data/embd/TCGA-BF-A9VF-01A
58,/mnt/efs_v2/dbgap_tcga/users/tianrui.qi/SIP-DB2/data/embd/TCGA-BF-A9VF-10A
59,/mnt/efs_v2/dbgap_tcga/users/tianrui.qi/SIP-DB2/data/embd/TCGA-BF-AAOU-01A
60,/mnt/efs_v2/dbgap_tcga/users/tianrui.qi/SIP-DB2/data/embd/TCGA-BF-AAOU-10A
61,/mnt/efs_v2/dbgap_tcga/users/tianrui.qi/SIP-DB2/data/embd/TCGA-BF-AAOX-01A
62,/mnt/efs_v2/dbgap_tcga/users/tianrui.qi/SIP-DB2/data/embd/TCGA-BF-AAOX-10A
63,/mnt/efs_v2/dbgap_tcga/users/tianrui.qi/SIP-DB2/data/embd/TCGA-BF-AAP0-06A
64,/mnt/efs_v2/dbgap_tcga/users/tianrui.qi/SIP-DB2/data/embd/TCGA-BF-AAP0-10A
65,/mnt/efs_v2/dbgap_tcga/users/tianrui.qi/SIP-DB2/data/embd/TCGA-BF-AAP1-01A
66,/mnt/efs_v2/dbgap_tcga/users/tianrui.qi/SIP-DB2/data/embd/TCGA-BF-AAP1-10A
67,/mnt/efs_v2/dbgap_tcga/users/tianrui.qi/SIP-DB2/data/embd/TCGA-BF-AAP2-01A
68,/mnt/efs_v2/dbgap_tcga/users/tianrui.qi/SIP-DB2/data/embd/TCGA-BF-AAP2-10A
69,/mnt/efs_v2/dbgap_tcga/users/tianrui.qi/SIP-DB2/data/embd/TCGA-BF-AAP4-01A
70,/mnt/efs_v2/dbgap_tcga/users/tianrui.qi/SIP-DB2/data/embd/TCGA-BF-AAP4-10A
71,/mnt/efs_v2/dbgap_tcga/users/tianrui.qi/SIP-DB2/data/embd/TCGA-BF-AAP6-01A
72,/mnt/efs_v2/dbgap_tcga/users/tianrui.qi/SIP-DB2/data/embd/TCGA-BF-AAP6-10A
73,/mnt/efs_v2/dbgap_tcga/users/tianrui.qi/SIP-DB2/data/embd/TCGA-BF-AAP7-01A
74,/mnt/efs_v2/dbgap_tcga/users/tianrui.qi/SIP-DB2/data/embd/TCGA-BF-AAP7-10A
75,/mnt/efs_v2/dbgap_tcga/users/tianrui.qi/SIP-DB2/data/embd/TCGA-BF-AAP8-01A
76,/mnt/efs_v2/dbgap_tcga/users/tianrui.qi/SIP-DB2/data/embd/TCGA-BF-AAP8-10A
77,/mnt/efs_v2/dbgap_tcga/users/tianrui.qi/SIP-DB2/data/embd/TCGA-D3-A1Q1-06A
78,/mnt/efs_v2/dbgap_tcga/users/tianrui.qi/SIP-DB2/data/embd/TCGA-D3-A1Q1-10A
79,/mnt/efs_v2/dbgap_tcga/users/tianrui.qi/SIP-DB2/data/embd/TCGA-D3-A1Q3-06A
80,/mnt/efs_v2/dbgap_tcga/users/tianrui.qi/SIP-DB2/data/embd/TCGA-D3-A1Q3-10A
81,/mnt/efs_v2/dbgap_tcga/users/tianrui.qi/SIP-DB2/data/embd/TCGA-D3-A1Q4-06A
82,/mnt/efs_v2/dbgap_tcga/users/tianrui.qi/SIP-DB2/data/embd/TCGA-D3-A1Q4-10A
83,/mnt/efs_v2/dbgap_tcga/users/tianrui.qi/SIP-DB2/data/embd/TCGA-D3-A1Q5-06A
84,/mnt/efs_v2/dbgap_tcga/users/tianrui.qi/SIP-DB2/data/embd/TCGA-D3-A1Q5-10A
85,/mnt/efs_v2/dbgap_tcga/users/tianrui.qi/SIP-DB2/data/embd/TCGA-D3-A1Q6-06A
86,/mnt/efs_v2/dbgap_tcga/users/tianrui.qi/SIP-DB2/data/embd/TCGA-D3-A1Q6-10A
87,/mnt/efs_v2/dbgap_tcga/users/tianrui.qi/SIP-DB2/data/embd/TCGA-D3-A1Q7-06A
88,/mnt/efs_v2/dbgap_tcga/users/tianrui.qi/SIP-DB2/data/embd/TCGA-D3-A1Q7-10A
89,/mnt/efs_v2/dbgap_tcga/users/tianrui.qi/SIP-DB2/data/embd/TCGA-D3-A1Q8-06A
90,/mnt/efs_v2/dbgap_tcga/users/tianrui.qi/SIP-DB2/data/embd/TCGA-D3-A1Q8-10A
91,/mnt/efs_v2/dbgap_tcga/users/tianrui.qi/SIP-DB2/data/embd/TCGA-D3-A1Q9-06A
92,/mnt/efs_v2/dbgap_tcga/users/tianrui.qi/SIP-DB2/data/embd/TCGA-D3-A1Q9-10A
93,/mnt/efs_v2/dbgap_tcga/users/tianrui.qi/SIP-DB2/data/embd/TCGA-D3-A1QA-06A
94,/mnt/efs_v2/dbgap_tcga/users/tianrui.qi/SIP-DB2/data/embd/TCGA-D3-A1QA-10A
95,/mnt/efs_v2/dbgap_tcga/users/tianrui.qi/SIP-DB2/data/embd/TCGA-D3-A1QB-06A
96,/mnt/efs_v2/dbgap_tcga/users/tianrui.qi/SIP-DB2/data/embd/TCGA-D3-A1QB-10A
97,/mnt/efs_v2/dbgap_tcga/users/tianrui.qi/SIP-DB2/data/embd/TCGA-D3-A2J6-06A
98,/mnt/efs_v2/dbgap_tcga/users/tianrui.qi/SIP-DB2/data/embd/TCGA-D3-A2J6-10A
99,/mnt/efs_v2/dbgap_tcga/users/tianrui.qi/SIP-DB2/data/embd/TCGA-D3-A2J7-06A
100,/mnt/efs_v2/dbgap_tcga/users/tianrui.qi/SIP-DB2/data/embd/TCGA-D3-A2J7-10A
101,/mnt/efs_v2/dbgap_tcga/users/tianrui.qi/SIP-DB2/data/embd/TCGA-D3-A2J8-06A
102,/mnt/efs_v2/dbgap_tcga/users/tianrui.qi/SIP-DB2/data/embd/TCGA-D3-A2J8-10A
103,/mnt/efs_v2/dbgap_tcga/users/tianrui.qi/SIP-DB2/data/embd/TCGA-D3-A2J9-06A
104,/mnt/efs_v2/dbgap_tcga/users/tianrui.qi/SIP-DB2/data/embd/TCGA-D3-A2J9-10A
105,/mnt/efs_v2/dbgap_tcga/users/tianrui.qi/SIP-DB2/data/embd/TCGA-D3-A2JA-06A
106,/mnt/efs_v2/dbgap_tcga/users/tianrui.qi/SIP-DB2/data/embd/TCGA-D3-A2JA-10A
107,/mnt/efs_v2/dbgap_tcga/users/tianrui.qi/SIP-DB2/data/embd/TCGA-D3-A2JB-06A
108,/mnt/efs_v2/dbgap_tcga/users/tianrui.qi/SIP-DB2/data/embd/TCGA-D3-A2JB-10A
109,/mnt/efs_v2/dbgap_tcga/users/tianrui.qi/SIP-DB2/data/embd/TCGA-D3-A2JC-06A
110,/mnt/efs_v2/dbgap_tcga/users/tianrui.qi/SIP-DB2/data/embd/TCGA-D3-A2JC-10A
111,/mnt/efs_v2/dbgap_tcga/users/tianrui.qi/SIP-DB2/data/embd/TCGA-D3-A2JD-06A
112,/mnt/efs_v2/dbgap_tcga/users/tianrui.qi/SIP-DB2/data/embd/TCGA-D3-A2JD-10A
113,/mnt/efs_v2/dbgap_tcga/users/tianrui.qi/SIP-DB2/data/embd/TCGA-D3-A2JE-06A
114,/mnt/efs_v2/dbgap_tcga/users/tianrui.qi/SIP-DB2/data/embd/TCGA-D3-A2JE-10B
115,/mnt/efs_v2/dbgap_tcga/users/tianrui.qi/SIP-DB2/data/embd/TCGA-D3-A2JF-06A
116,/mnt/efs_v2/dbgap_tcga/users/tianrui.qi/SIP-DB2/data/embd/TCGA-D3-A2JF-10A
117,/mnt/efs_v2/dbgap_tcga/users/tianrui.qi/SIP-DB2/data/embd/TCGA-D3-A2JG-06A
118,/mnt/efs_v2/dbgap_tcga/users/tianrui.qi/SIP-DB2/data/embd/TCGA-D3-A2JG-10A
119,/mnt/efs_v2/dbgap_tcga/users/tianrui.qi/SIP-DB2/data/embd/TCGA-D3-A2JH-06A
120,/mnt/efs_v2/dbgap_tcga/users/tianrui.qi/SIP-DB2/data/embd/TCGA-D3-A2JH-10A
121,/mnt/efs_v2/dbgap_tcga/users/tianrui.qi/SIP-DB2/data/embd/TCGA-D3-A2JK-06A
122,/mnt/efs_v2/dbgap_tcga/users/tianrui.qi/SIP-DB2/data/embd/TCGA-D3-A2JK-10A
123,/mnt/efs_v2/dbgap_tcga/users/tianrui.qi/SIP-DB2/data/embd/TCGA-D3-A2JL-06A
124,/mnt/efs_v2/dbgap_tcga/users/tianrui.qi/SIP-DB2/data/embd/TCGA-D3-A2JL-10A
125,/mnt/efs_v2/dbgap_tcga/users/tianrui.qi/SIP-DB2/data/embd/TCGA-D3-A2JN-06A
126,/mnt/efs_v2/dbgap_tcga/users/tianrui.qi/SIP-DB2/data/embd/TCGA-D3-A2JN-10A
127,/mnt/efs_v2/dbgap_tcga/users/tianrui.qi/SIP-DB2/data/embd/TCGA-D3-A2JO-06A
128,/mnt/efs_v2/dbgap_tcga/users/tianrui.qi/SIP-DB2/data/embd/TCGA-D3-A2JO-10A
129,/mnt/efs_v2/dbgap_tcga/users/tianrui.qi/SIP-DB2/data/embd/TCGA-D3-A2JP-06A
130,/mnt/efs_v2/dbgap_tcga/users/tianrui.qi/SIP-DB2/data/embd/TCGA-D3-A2JP-10A
131,/mnt/efs_v2/dbgap_tcga/users/tianrui.qi/SIP-DB2/data/embd/TCGA-D3-A3BZ-06A
132,/mnt/efs_v2/dbgap_tcga/users/tianrui.qi/SIP-DB2/data/embd/TCGA-D3-A3BZ-10A
133,/mnt/efs_v2/dbgap_tcga/users/tianrui.qi/SIP-DB2/data/embd/TCGA-D3-A3C1-06A
134,/mnt/efs_v2/dbgap_tcga/users/tianrui.qi/SIP-DB2/data/embd/TCGA-D3-A3C1-10A
135,/mnt/efs_v2/dbgap_tcga/users/tianrui.qi/SIP-DB2/data/embd/TCGA-D3-A3C3-06A
136,/mnt/efs_v2/dbgap_tcga/users/tianrui.qi/SIP-DB2/data/embd/TCGA-D3-A3C3-10A
137,/mnt/efs_v2/dbgap_tcga/users/tianrui.qi/SIP-DB2/data/embd/TCGA-D3-A3C6-06A
138,/mnt/efs_v2/dbgap_tcga/users/tianrui.qi/SIP-DB2/data/embd/TCGA-D3-A3C6-10A
139,/mnt/efs_v2/dbgap_tcga/users/tianrui.qi/SIP-DB2/data/embd/TCGA-D3-A3C7-06A
140,/mnt/efs_v2/dbgap_tcga/users/tianrui.qi/SIP-DB2/data/embd/TCGA-D3-A3C7-10A
141,/mnt/efs_v2/dbgap_tcga/users/tianrui.qi/SIP-DB2/data/embd/TCGA-D3-A3C8-06A
142,/mnt/efs_v2/dbgap_tcga/users/tianrui.qi/SIP-DB2/data/embd/TCGA-D3-A3C8-10A
143,/mnt/efs_v2/dbgap_tcga/users/tianrui.qi/SIP-DB2/data/embd/TCGA-D3-A3CB-06A
144,/mnt/efs_v2/dbgap_tcga/users/tianrui.qi/SIP-DB2/data/embd/TCGA-D3-A3CB-10A
145,/mnt/efs_v2/dbgap_tcga/users/tianrui.qi/SIP-DB2/data/embd/TCGA-D3-A3CC-06A
146,/mnt/efs_v2/dbgap_tcga/users/tianrui.qi/SIP-DB2/data/embd/TCGA-D3-A3CC-10A
147,/mnt/efs_v2/dbgap_tcga/users/tianrui.qi/SIP-DB2/data/embd/TCGA-D3-A3CE-06A
148,/mnt/efs_v2/dbgap_tcga/users/tianrui.qi/SIP-DB2/data/embd/TCGA-D3-A3CE-10A
149,/mnt/efs_v2/dbgap_tcga/users/tianrui.qi/SIP-DB2/data/embd/TCGA-D3-A3CF-06A
150,/mnt/efs_v2/dbgap_tcga/users/tianrui.qi/SIP-DB2/data/embd/TCGA-D3-A3CF-10A
151,/mnt/efs_v2/dbgap_tcga/users/tianrui.qi/SIP-DB2/data/embd/TCGA-D3-A3ML-06A
152,/mnt/efs_v2/dbgap_tcga/users/tianrui.qi/SIP-DB2/data/embd/TCGA-D3-A3ML-10A
153,/mnt/efs_v2/dbgap_tcga/users/tianrui.qi/SIP-DB2/data/embd/TCGA-D3-A3MO-06A
154,/mnt/efs_v2/dbgap_tcga/users/tianrui.qi/SIP-DB2/data/embd/TCGA-D3-A3MO-10A
155,/mnt/efs_v2/dbgap_tcga/users/tianrui.qi/SIP-DB2/data/embd/TCGA-D3-A3MR-06A
156,/mnt/efs_v2/dbgap_tcga/users/tianrui.qi/SIP-DB2/data/embd/TCGA-D3-A3MR-10A
157,/mnt/efs_v2/dbgap_tcga/users/tianrui.qi/SIP-DB2/data/embd/TCGA-D3-A3MU-06A
158,/mnt/efs_v2/dbgap_tcga/users/tianrui.qi/SIP-DB2/data/embd/TCGA-D3-A3MU-10A
159,/mnt/efs_v2/dbgap_tcga/users/tianrui.qi/SIP-DB2/data/embd/TCGA-D3-A3MV-06A
160,/mnt/efs_v2/dbgap_tcga/users/tianrui.qi/SIP-DB2/data/embd/TCGA-D3-A3MV-10A
161,/mnt/efs_v2/dbgap_tcga/users/tianrui.qi/SIP-DB2/data/embd/TCGA-D3-A51E-06A
162,/mnt/efs_v2/dbgap_tcga/users/tianrui.qi/SIP-DB2/data/embd/TCGA-D3-A51E-10A
163,/mnt/efs_v2/dbgap_tcga/users/tianrui.qi/SIP-DB2/data/embd/TCGA-D3-A51F-06A
164,/mnt/efs_v2/dbgap_tcga/users/tianrui.qi/SIP-DB2/data/embd/TCGA-D3-A51F-10A
165,/mnt/efs_v2/dbgap_tcga/users/tianrui.qi/SIP-DB2/data/embd/TCGA-D3-A51G-06A
166,/mnt/efs_v2/dbgap_tcga/users/tianrui.qi/SIP-DB2/data/embd/TCGA-D3-A51G-10A
167,/mnt/efs_v2/dbgap_tcga/users/tianrui.qi/SIP-DB2/data/embd/TCGA-D3-A51H-06A
168,/mnt/efs_v2/dbgap_tcga/users/tianrui.qi/SIP-DB2/data/embd/TCGA-D3-A51H-10A
169,/mnt/efs_v2/dbgap_tcga/users/tianrui.qi/SIP-DB2/data/embd/TCGA-D3-A51J-06A
170,/mnt/efs_v2/dbgap_tcga/users/tianrui.qi/SIP-DB2/data/embd/TCGA-D3-A51J-10A
171,/mnt/efs_v2/dbgap_tcga/users/tianrui.qi/SIP-DB2/data/embd/TCGA-D3-A51K-06A
172,/mnt/efs_v2/dbgap_tcga/users/tianrui.qi/SIP-DB2/data/embd/TCGA-D3-A51K-10A
173,/mnt/efs_v2/dbgap_tcga/users/tianrui.qi/SIP-DB2/data/embd/TCGA-D3-A51N-06A
174,/mnt/efs_v2/dbgap_tcga/users/tianrui.qi/SIP-DB2/data/embd/TCGA-D3-A51N-10A
175,/mnt/efs_v2/dbgap_tcga/users/tianrui.qi/SIP-DB2/data/embd/TCGA-D3-A51R-06A
176,/mnt/efs_v2/dbgap_tcga/users/tianrui.qi/SIP-DB2/data/embd/TCGA-D3-A51R-10A
177,/mnt/efs_v2/dbgap_tcga/users/tianrui.qi/SIP-DB2/data/embd/TCGA-D3-A51T-06A
178,/mnt/efs_v2/dbgap_tcga/users/tianrui.qi/SIP-DB2/data/embd/TCGA-D3-A51T-10A
179,/mnt/efs_v2/dbgap_tcga/users/tianrui.qi/SIP-DB2/data/embd/TCGA-D3-A5GL-06A
180,/mnt/efs_v2/dbgap_tcga/users/tianrui.qi/SIP-DB2/data/embd/TCGA-D3-A5GL-10A
181,/mnt/efs_v2/dbgap_tcga/users/tianrui.qi/SIP-DB2/data/embd/TCGA-D3-A5GN-06A
182,/mnt/efs_v2/dbgap_tcga/users/tianrui.qi/SIP-DB2/data/embd/TCGA-D3-A5GN-10A
183,/mnt/efs_v2/dbgap_tcga/users/tianrui.qi/SIP-DB2/data/embd/TCGA-D3-A5GO-06A
184,/mnt/efs_v2/dbgap_tcga/users/tianrui.qi/SIP-DB2/data/embd/TCGA-D3-A5GO-10A
185,/mnt/efs_v2/dbgap_tcga/users/tianrui.qi/SIP-DB2/data/embd/TCGA-D3-A5GR-06A
186,/mnt/efs_v2/dbgap_tcga/users/tianrui.qi/SIP-DB2/data/embd/TCGA-D3-A5GR-10A
187,/mnt/efs_v2/dbgap_tcga/users/tianrui.qi/SIP-DB2/data/embd/TCGA-D3-A5GS-06A
188,/mnt/efs_v2/dbgap_tcga/users/tianrui.qi/SIP-DB2/data/embd/TCGA-D3-A5GS-10A
189,/mnt/efs_v2/dbgap_tcga/users/tianrui.qi/SIP-DB2/data/embd/TCGA-D3-A5GT-01A
190,/mnt/efs_v2/dbgap_tcga/users/tianrui.qi/SIP-DB2/data/embd/TCGA-D3-A5GT-10A
191,/mnt/efs_v2/dbgap_tcga/users/tianrui.qi/SIP-DB2/data/embd/TCGA-D3-A5GU-06A
192,/mnt/efs_v2/dbgap_tcga/users/tianrui.qi/SIP-DB2/data/embd/TCGA-D3-A5GU-10A
193,/mnt/efs_v2/dbgap_tcga/users/tianrui.qi/SIP-DB2/data/embd/TCGA-D3-A8GB-06A
194,/mnt/efs_v2/dbgap_tcga/users/tianrui.qi/SIP-DB2/data/embd/TCGA-D3-A8GB-10A
195,/mnt/efs_v2/dbgap_tcga/users/tianrui.qi/SIP-DB2/data/embd/TCGA-D3-A8GC-06A
196,/mnt/efs_v2/dbgap_tcga/users/tianrui.qi/SIP-DB2/data/embd/TCGA-D3-A8GC-10A
197,/mnt/efs_v2/dbgap_tcga/users/tianrui.qi/SIP-DB2/data/embd/TCGA-D3-A8GD-06A
198,/mnt/efs_v2/dbgap_tcga/users/tianrui.qi/SIP-DB2/data/embd/TCGA-D3-A8GD-10A
199,/mnt/efs_v2/dbgap_tcga/users/tianrui.qi/SIP-DB2/data/embd/TCGA-D3-A8GE-06A
200,/mnt/efs_v2/dbgap_tcga/users/tianrui.qi/SIP-DB2/data/embd/TCGA-D3-A8GE-10A
201,/mnt/efs_v2/dbgap_tcga/users/tianrui.qi/SIP-DB2/data/embd/TCGA-D3-A8GI-06A
202,/mnt/efs_v2/dbgap_tcga/users/tianrui.qi/SIP-DB2/data/embd/TCGA-D3-A8GI-10A
203,/mnt/efs_v2/dbgap_tcga/users/tianrui.qi/SIP-DB2/data/embd/TCGA-D3-A8GJ-06A
204,/mnt/efs_v2/dbgap_tcga/users/tianrui.qi/SIP-DB2/data/embd/TCGA-D3-A8GJ-10A
205,/mnt/efs_v2/dbgap_tcga/users/tianrui.qi/SIP-DB2/data/embd/TCGA-D3-A8GK-06A
206,/mnt/efs_v2/dbgap_tcga/users/tianrui.qi/SIP-DB2/data/embd/TCGA-D3-A8GK-10A
207,/mnt/efs_v2/dbgap_tcga/users/tianrui.qi/SIP-DB2/data/embd/TCGA-D3-A8GL-06A
208,/mnt/efs_v2/dbgap_tcga/users/tianrui.qi/SIP-DB2/data/embd/TCGA-D3-A8GL-10A
209,/mnt/efs_v2/dbgap_tcga/users/tianrui.qi/SIP-DB2/data/embd/TCGA-D3-A8GM-06A
210,/mnt/efs_v2/dbgap_tcga/users/tianrui.qi/SIP-DB2/data/embd/TCGA-D3-A8GM-10A
211,/mnt/efs_v2/dbgap_tcga/users/tianrui.qi/SIP-DB2/data/embd/TCGA-D3-A8GN-06A
212,/mnt/efs_v2/dbgap_tcga/users/tianrui.qi/SIP-DB2/data/embd/TCGA-D3-A8GN-10A
213,/mnt/efs_v2/dbgap_tcga/users/tianrui.qi/SIP-DB2/data/embd/TCGA-D3-A8GO-06A
214,/mnt/efs_v2/dbgap_tcga/users/tianrui.qi/SIP-DB2/data/embd/TCGA-D3-A8GO-10A
215,/mnt/efs_v2/dbgap_tcga/users/tianrui.qi/SIP-DB2/data/embd/TCGA-D3-A8GP-06A
216,/mnt/efs_v2/dbgap_tcga/users/tianrui.qi/SIP-DB2/data/embd/TCGA-D3-A8GP-10A
217,/mnt/efs_v2/dbgap_tcga/users/tianrui.qi/SIP-DB2/data/embd/TCGA-D3-A8GQ-06A
218,/mnt/efs_v2/dbgap_tcga/users/tianrui.qi/SIP-DB2/data/embd/TCGA-D3-A8GQ-10A
219,/mnt/efs_v2/dbgap_tcga/users/tianrui.qi/SIP-DB2/data/embd/TCGA-D3-A8GR-06A
220,/mnt/efs_v2/dbgap_tcga/users/tianrui.qi/SIP-DB2/data/embd/TCGA-D3-A8GR-10A
221,/mnt/efs_v2/dbgap_tcga/users/tianrui.qi/SIP-DB2/data/embd/TCGA-D3-A8GS-06A
222,/mnt/efs_v2/dbgap_tcga/users/tianrui.qi/SIP-DB2/data/embd/TCGA-D3-A8GS-10A
223,/mnt/efs_v2/dbgap_tcga/users/tianrui.qi/SIP-DB2/data/embd/TCGA-D3-A8GV-06A
224,/mnt/efs_v2/dbgap_tcga/users/tianrui.qi/SIP-DB2/data/embd/TCGA-D3-A8GV-10A
225,/mnt/efs_v2/dbgap_tcga/users/tianrui.qi/SIP-DB2/data/embd/TCGA-D9-A148-06A
226,/mnt/efs_v2/dbgap_tcga/users/tianrui.qi/SIP-DB2/data/embd/TCGA-D9-A148-10A
227,/mnt/efs_v2/dbgap_tcga/users/tianrui.qi/SIP-DB2/data/embd/TCGA-D9-A149-06A
228,/mnt/efs_v2/dbgap_tcga/users/tianrui.qi/SIP-DB2/data/embd/TCGA-D9-A149-10A
229,/mnt/efs_v2/dbgap_tcga/users/tianrui.qi/SIP-DB2/data/embd/TCGA-D9-A1JW-06A
230,/mnt/efs_v2/dbgap_tcga/users/tianrui.qi/SIP-DB2/data/embd/TCGA-D9-A1JW-10A
231,/mnt/efs_v2/dbgap_tcga/users/tianrui.qi/SIP-DB2/data/embd/TCGA-D9-A1JX-06A
232,/mnt/efs_v2/dbgap_tcga/users/tianrui.qi/SIP-DB2/data/embd/TCGA-D9-A1JX-10A
233,/mnt/efs_v2/dbgap_tcga/users/tianrui.qi/SIP-DB2/data/embd/TCGA-D9-A1X3-06A
234,/mnt/efs_v2/dbgap_tcga/users/tianrui.qi/SIP-DB2/data/embd/TCGA-D9-A1X3-10A
235,/mnt/efs_v2/dbgap_tcga/users/tianrui.qi/SIP-DB2/data/embd/TCGA-D9-A3Z1-06A
236,/mnt/efs_v2/dbgap_tcga/users/tianrui.qi/SIP-DB2/data/embd/TCGA-D9-A3Z1-10A
237,/mnt/efs_v2/dbgap_tcga/users/tianrui.qi/SIP-DB2/data/embd/TCGA-D9-A3Z3-06A
238,/mnt/efs_v2/dbgap_tcga/users/tianrui.qi/SIP-DB2/data/embd/TCGA-D9-A3Z3-10A
239,/mnt/efs_v2/dbgap_tcga/users/tianrui.qi/SIP-DB2/data/embd/TCGA-D9-A3Z4-01A
240,/mnt/efs_v2/dbgap_tcga/users/tianrui.qi/SIP-DB2/data/embd/TCGA-D9-A3Z4-10A
241,/mnt/efs_v2/dbgap_tcga/users/tianrui.qi/SIP-DB2/data/embd/TCGA-D9-A4Z2-01A
242,/mnt/efs_v2/dbgap_tcga/users/tianrui.qi/SIP-DB2/data/embd/TCGA-D9-A4Z2-10A
243,/mnt/efs_v2/dbgap_tcga/users/tianrui.qi/SIP-DB2/data/embd/TCGA-D9-A4Z3-01A
244,/mnt/efs_v2/dbgap_tcga/users/tianrui.qi/SIP-DB2/data/embd/TCGA-D9-A4Z3-10A
245,/mnt/efs_v2/dbgap_tcga/users/tianrui.qi/SIP-DB2/data/embd/TCGA-D9-A4Z5-01A
246,/mnt/efs_v2/dbgap_tcga/users/tianrui.qi/SIP-DB2/data/embd/TCGA-D9-A4Z5-10A
247,/mnt/efs_v2/dbgap_tcga/users/tianrui.qi/SIP-DB2/data/embd/TCGA-D9-A4Z6-06A
248,/mnt/efs_v2/dbgap_tcga/users/tianrui.qi/SIP-DB2/data/embd/TCGA-D9-A4Z6-10A
249,/mnt/efs_v2/dbgap_tcga/users/tianrui.qi/SIP-DB2/data/embd/TCGA-D9-A6E9-06A
250,/mnt/efs_v2/dbgap_tcga/users/tianrui.qi/SIP-DB2/data/embd/TCGA-D9-A6E9-10A
251,/mnt/efs_v2/dbgap_tcga/users/tianrui.qi/SIP-DB2/data/embd/TCGA-D9-A6EA-06A
252,/mnt/efs_v2/dbgap_tcga/users/tianrui.qi/SIP-DB2/data/embd/TCGA-D9-A6EA-10A
253,/mnt/efs_v2/dbgap_tcga/users/tianrui.qi/SIP-DB2/data/embd/TCGA-D9-A6EC-06A
254,/mnt/efs_v2/dbgap_tcga/users/tianrui.qi/SIP-DB2/data/embd/TCGA-D9-A6EC-10A
255,/mnt/efs_v2/dbgap_tcga/users/tianrui.qi/SIP-DB2/data/embd/TCGA-D9-A6EG-06A
256,/mnt/efs_v2/dbgap_tcga/users/tianrui.qi/SIP-DB2/data/embd/TCGA-D9-A6EG-10A
257,/mnt/efs_v2/dbgap_tcga/users/tianrui.qi/SIP-DB2/data/embd/TCGA-DA-A1HV-06A
258,/mnt/efs_v2/dbgap_tcga/users/tianrui.qi/SIP-DB2/data/embd/TCGA-DA-A1HV-10A
259,/mnt/efs_v2/dbgap_tcga/users/tianrui.qi/SIP-DB2/data/embd/TCGA-DA-A1HW-06A
260,/mnt/efs_v2/dbgap_tcga/users/tianrui.qi/SIP-DB2/data/embd/TCGA-DA-A1HW-10A
261,/mnt/efs_v2/dbgap_tcga/users/tianrui.qi/SIP-DB2/data/embd/TCGA-DA-A1HY-06A
262,/mnt/efs_v2/dbgap_tcga/users/tianrui.qi/SIP-DB2/data/embd/TCGA-DA-A1HY-10A
263,/mnt/efs_v2/dbgap_tcga/users/tianrui.qi/SIP-DB2/data/embd/TCGA-DA-A1I0-06A
264,/mnt/efs_v2/dbgap_tcga/users/tianrui.qi/SIP-DB2/data/embd/TCGA-DA-A1I0-10B
265,/mnt/efs_v2/dbgap_tcga/users/tianrui.qi/SIP-DB2/data/embd/TCGA-DA-A1I1-06A
266,/mnt/efs_v2/dbgap_tcga/users/tianrui.qi/SIP-DB2/data/embd/TCGA-DA-A1I1-10A
267,/mnt/efs_v2/dbgap_tcga/users/tianrui.qi/SIP-DB2/data/embd/TCGA-DA-A1I2-06A
268,/mnt/efs_v2/dbgap_tcga/users/tianrui.qi/SIP-DB2/data/embd/TCGA-DA-A1I2-10A
269,/mnt/efs_v2/dbgap_tcga/users/tianrui.qi/SIP-DB2/data/embd/TCGA-DA-A1I4-06A
270,/mnt/efs_v2/dbgap_tcga/users/tianrui.qi/SIP-DB2/data/embd/TCGA-DA-A1I4-10A
271,/mnt/efs_v2/dbgap_tcga/users/tianrui.qi/SIP-DB2/data/embd/TCGA-DA-A1I5-06A
272,/mnt/efs_v2/dbgap_tcga/users/tianrui.qi/SIP-DB2/data/embd/TCGA-DA-A1I5-10A
273,/mnt/efs_v2/dbgap_tcga/users/tianrui.qi/SIP-DB2/data/embd/TCGA-DA-A1I7-06A
274,/mnt/efs_v2/dbgap_tcga/users/tianrui.qi/SIP-DB2/data/embd/TCGA-DA-A1I7-10A
275,/mnt/efs_v2/dbgap_tcga/users/tianrui.qi/SIP-DB2/data/embd/TCGA-DA-A1I8-06A
276,/mnt/efs_v2/dbgap_tcga/users/tianrui.qi/SIP-DB2/data/embd/TCGA-DA-A1I8-10A
277,/mnt/efs_v2/dbgap_tcga/users/tianrui.qi/SIP-DB2/data/embd/TCGA-DA-A1IA-06A
278,/mnt/efs_v2/dbgap_tcga/users/tianrui.qi/SIP-DB2/data/embd/TCGA-DA-A1IA-10A
279,/mnt/efs_v2/dbgap_tcga/users/tianrui.qi/SIP-DB2/data/embd/TCGA-DA-A1IB-06A
280,/mnt/efs_v2/dbgap_tcga/users/tianrui.qi/SIP-DB2/data/embd/TCGA-DA-A1IB-10A
281,/mnt/efs_v2/dbgap_tcga/users/tianrui.qi/SIP-DB2/data/embd/TCGA-DA-A1IC-06A
282,/mnt/efs_v2/dbgap_tcga/users/tianrui.qi/SIP-DB2/data/embd/TCGA-DA-A1IC-10A
283,/mnt/efs_v2/dbgap_tcga/users/tianrui.qi/SIP-DB2/data/embd/TCGA-DA-A3F2-06A
284,/mnt/efs_v2/dbgap_tcga/users/tianrui.qi/SIP-DB2/data/embd/TCGA-DA-A3F2-10A
285,/mnt/efs_v2/dbgap_tcga/users/tianrui.qi/SIP-DB2/data/embd/TCGA-DA-A3F3-06A
286,/mnt/efs_v2/dbgap_tcga/users/tianrui.qi/SIP-DB2/data/embd/TCGA-DA-A3F3-10A
287,/mnt/efs_v2/dbgap_tcga/users/tianrui.qi/SIP-DB2/data/embd/TCGA-DA-A3F5-06A
288,/mnt/efs_v2/dbgap_tcga/users/tianrui.qi/SIP-DB2/data/embd/TCGA-DA-A3F5-10A
289,/mnt/efs_v2/dbgap_tcga/users/tianrui.qi/SIP-DB2/data/embd/TCGA-DA-A3F8-06A
290,/mnt/efs_v2/dbgap_tcga/users/tianrui.qi/SIP-DB2/data/embd/TCGA-DA-A3F8-10A
291,/mnt/efs_v2/dbgap_tcga/users/tianrui.qi/SIP-DB2/data/embd/TCGA-DA-A95V-06A
292,/mnt/efs_v2/dbgap_tcga/users/tianrui.qi/SIP-DB2/data/embd/TCGA-DA-A95V-10A
293,/mnt/efs_v2/dbgap_tcga/users/tianrui.qi/SIP-DB2/data/embd/TCGA-DA-A95W-06A
294,/mnt/efs_v2/dbgap_tcga/users/tianrui.qi/SIP-DB2/data/embd/TCGA-DA-A95W-10A
295,/mnt/efs_v2/dbgap_tcga/users/tianrui.qi/SIP-DB2/data/embd/TCGA-DA-A95X-06A
296,/mnt/efs_v2/dbgap_tcga/users/tianrui.qi/SIP-DB2/data/embd/TCGA-DA-A95X-10A
297,/mnt/efs_v2/dbgap_tcga/users/tianrui.qi/SIP-DB2/data/embd/TCGA-DA-A95Y-06A
298,/mnt/efs_v2/dbgap_tcga/users/tianrui.qi/SIP-DB2/data/embd/TCGA-DA-A95Y-10A
299,/mnt/efs_v2/dbgap_tcga/users/tianrui.qi/SIP-DB2/data/embd/TCGA-DA-A95Z-06A
300,/mnt/efs_v2/dbgap_tcga/users/tianrui.qi/SIP-DB2/data/embd/TCGA-DA-A95Z-10A
301,/mnt/efs_v2/dbgap_tcga/users/tianrui.qi/SIP-DB2/data/embd/TCGA-DA-A960-01A
302,/mnt/efs_v2/dbgap_tcga/users/tianrui.qi/SIP-DB2/data/embd/TCGA-DA-A960-10A
303,/mnt/efs_v2/dbgap_tcga/users/tianrui.qi/SIP-DB2/data/embd/TCGA-EB-A1NK-01A
304,/mnt/efs_v2/dbgap_tcga/users/tianrui.qi/SIP-DB2/data/embd/TCGA-EB-A1NK-10A
305,/mnt/efs_v2/dbgap_tcga/users/tianrui.qi/SIP-DB2/data/embd/TCGA-EB-A24C-01A
306,/mnt/efs_v2/dbgap_tcga/users/tianrui.qi/SIP-DB2/data/embd/TCGA-EB-A24C-10A
307,/mnt/efs_v2/dbgap_tcga/users/tianrui.qi/SIP-DB2/data/embd/TCGA-EB-A24D-01A
308,/mnt/efs_v2/dbgap_tcga/users/tianrui.qi/SIP-DB2/data/embd/TCGA-EB-A24D-10A
309,/mnt/efs_v2/dbgap_tcga/users/tianrui.qi/SIP-DB2/data/embd/TCGA-EB-A299-01A
310,/mnt/efs_v2/dbgap_tcga/users/tianrui.qi/SIP-DB2/data/embd/TCGA-EB-A299-10A
311,/mnt/efs_v2/dbgap_tcga/users/tianrui.qi/SIP-DB2/data/embd/TCGA-EB-A3HV-01A
312,/mnt/efs_v2/dbgap_tcga/users/tianrui.qi/SIP-DB2/data/embd/TCGA-EB-A3HV-10B
313,/mnt/efs_v2/dbgap_tcga/users/tianrui.qi/SIP-DB2/data/embd/TCGA-EB-A3XB-01A
314,/mnt/efs_v2/dbgap_tcga/users/tianrui.qi/SIP-DB2/data/embd/TCGA-EB-A3XB-10B
315,/mnt/efs_v2/dbgap_tcga/users/tianrui.qi/SIP-DB2/data/embd/TCGA-EB-A3XC-01A
316,/mnt/efs_v2/dbgap_tcga/users/tianrui.qi/SIP-DB2/data/embd/TCGA-EB-A3XC-10A
317,/mnt/efs_v2/dbgap_tcga/users/tianrui.qi/SIP-DB2/data/embd/TCGA-EB-A3XD-01A
318,/mnt/efs_v2/dbgap_tcga/users/tianrui.qi/SIP-DB2/data/embd/TCGA-EB-A3XD-10A
319,/mnt/efs_v2/dbgap_tcga/users/tianrui.qi/SIP-DB2/data/embd/TCGA-EB-A3XE-01A
320,/mnt/efs_v2/dbgap_tcga/users/tianrui.qi/SIP-DB2/data/embd/TCGA-EB-A3XE-10A
321,/mnt/efs_v2/dbgap_tcga/users/tianrui.qi/SIP-DB2/data/embd/TCGA-EB-A3XF-01A
322,/mnt/efs_v2/dbgap_tcga/users/tianrui.qi/SIP-DB2/data/embd/TCGA-EB-A3XF-10A
323,/mnt/efs_v2/dbgap_tcga/users/tianrui.qi/SIP-DB2/data/embd/TCGA-EB-A3Y6-01A
324,/mnt/efs_v2/dbgap_tcga/users/tianrui.qi/SIP-DB2/data/embd/TCGA-EB-A3Y6-10A
325,/mnt/efs_v2/dbgap_tcga/users/tianrui.qi/SIP-DB2/data/embd/TCGA-EB-A3Y7-01A
326,/mnt/efs_v2/dbgap_tcga/users/tianrui.qi/SIP-DB2/data/embd/TCGA-EB-A3Y7-10A
327,/mnt/efs_v2/dbgap_tcga/users/tianrui.qi/SIP-DB2/data/embd/TCGA-EB-A41A-01A
328,/mnt/efs_v2/dbgap_tcga/users/tianrui.qi/SIP-DB2/data/embd/TCGA-EB-A41A-10A
329,/mnt/efs_v2/dbgap_tcga/users/tianrui.qi/SIP-DB2/data/embd/TCGA-EB-A41B-01A
330,/mnt/efs_v2/dbgap_tcga/users/tianrui.qi/SIP-DB2/data/embd/TCGA-EB-A41B-10A
331,/mnt/efs_v2/dbgap_tcga/users/tianrui.qi/SIP-DB2/data/embd/TCGA-EB-A42Y-01A
332,/mnt/efs_v2/dbgap_tcga/users/tianrui.qi/SIP-DB2/data/embd/TCGA-EB-A42Y-10A
333,/mnt/efs_v2/dbgap_tcga/users/tianrui.qi/SIP-DB2/data/embd/TCGA-EB-A42Z-01A
334,/mnt/efs_v2/dbgap_tcga/users/tianrui.qi/SIP-DB2/data/embd/TCGA-EB-A42Z-10A
335,/mnt/efs_v2/dbgap_tcga/users/tianrui.qi/SIP-DB2/data/embd/TCGA-EB-A430-01A
336,/mnt/efs_v2/dbgap_tcga/users/tianrui.qi/SIP-DB2/data/embd/TCGA-EB-A430-10A
337,/mnt/efs_v2/dbgap_tcga/users/tianrui.qi/SIP-DB2/data/embd/TCGA-EB-A431-01A
338,/mnt/efs_v2/dbgap_tcga/users/tianrui.qi/SIP-DB2/data/embd/TCGA-EB-A431-10A
339,/mnt/efs_v2/dbgap_tcga/users/tianrui.qi/SIP-DB2/data/embd/TCGA-EB-A44N-01A
340,/mnt/efs_v2/dbgap_tcga/users/tianrui.qi/SIP-DB2/data/embd/TCGA-EB-A44N-10A
341,/mnt/efs_v2/dbgap_tcga/users/tianrui.qi/SIP-DB2/data/embd/TCGA-EB-A44O-01A
342,/mnt/efs_v2/dbgap_tcga/users/tianrui.qi/SIP-DB2/data/embd/TCGA-EB-A44O-10A
343,/mnt/efs_v2/dbgap_tcga/users/tianrui.qi/SIP-DB2/data/embd/TCGA-EB-A44P-01A
344,/mnt/efs_v2/dbgap_tcga/users/tianrui.qi/SIP-DB2/data/embd/TCGA-EB-A44P-10A
345,/mnt/efs_v2/dbgap_tcga/users/tianrui.qi/SIP-DB2/data/embd/TCGA-EB-A44Q-06A
346,/mnt/efs_v2/dbgap_tcga/users/tianrui.qi/SIP-DB2/data/embd/TCGA-EB-A44Q-10A
347,/mnt/efs_v2/dbgap_tcga/users/tianrui.qi/SIP-DB2/data/embd/TCGA-EB-A44R-06A
348,/mnt/efs_v2/dbgap_tcga/users/tianrui.qi/SIP-DB2/data/embd/TCGA-EB-A44R-10A
349,/mnt/efs_v2/dbgap_tcga/users/tianrui.qi/SIP-DB2/data/embd/TCGA-EB-A4IQ-01A
350,/mnt/efs_v2/dbgap_tcga/users/tianrui.qi/SIP-DB2/data/embd/TCGA-EB-A4IQ-10A
351,/mnt/efs_v2/dbgap_tcga/users/tianrui.qi/SIP-DB2/data/embd/TCGA-EB-A4IS-01A
352,/mnt/efs_v2/dbgap_tcga/users/tianrui.qi/SIP-DB2/data/embd/TCGA-EB-A4IS-10A
353,/mnt/efs_v2/dbgap_tcga/users/tianrui.qi/SIP-DB2/data/embd/TCGA-EB-A4OY-01A
354,/mnt/efs_v2/dbgap_tcga/users/tianrui.qi/SIP-DB2/data/embd/TCGA-EB-A4OY-10A
355,/mnt/efs_v2/dbgap_tcga/users/tianrui.qi/SIP-DB2/data/embd/TCGA-EB-A4OZ-01A
356,/mnt/efs_v2/dbgap_tcga/users/tianrui.qi/SIP-DB2/data/embd/TCGA-EB-A4OZ-10A
357,/mnt/efs_v2/dbgap_tcga/users/tianrui.qi/SIP-DB2/data/embd/TCGA-EB-A4P0-01A
358,/mnt/efs_v2/dbgap_tcga/users/tianrui.qi/SIP-DB2/data/embd/TCGA-EB-A4P0-10A
359,/mnt/efs_v2/dbgap_tcga/users/tianrui.qi/SIP-DB2/data/embd/TCGA-EB-A4XL-01A
360,/mnt/efs_v2/dbgap_tcga/users/tianrui.qi/SIP-DB2/data/embd/TCGA-EB-A4XL-10A
361,/mnt/efs_v2/dbgap_tcga/users/tianrui.qi/SIP-DB2/data/embd/TCGA-EB-A51B-01A
362,/mnt/efs_v2/dbgap_tcga/users/tianrui.qi/SIP-DB2/data/embd/TCGA-EB-A51B-10A
363,/mnt/efs_v2/dbgap_tcga/users/tianrui.qi/SIP-DB2/data/embd/TCGA-EB-A550-01A
364,/mnt/efs_v2/dbgap_tcga/users/tianrui.qi/SIP-DB2/data/embd/TCGA-EB-A550-10A
365,/mnt/efs_v2/dbgap_tcga/users/tianrui.qi/SIP-DB2/data/embd/TCGA-EB-A551-01A
366,/mnt/efs_v2/dbgap_tcga/users/tianrui.qi/SIP-DB2/data/embd/TCGA-EB-A551-10A
367,/mnt/efs_v2/dbgap_tcga/users/tianrui.qi/SIP-DB2/data/embd/TCGA-EB-A553-01A
368,/mnt/efs_v2/dbgap_tcga/users/tianrui.qi/SIP-DB2/data/embd/TCGA-EB-A553-10A
369,/mnt/efs_v2/dbgap_tcga/users/tianrui.qi/SIP-DB2/data/embd/TCGA-EB-A57M-01A
370,/mnt/efs_v2/dbgap_tcga/users/tianrui.qi/SIP-DB2/data/embd/TCGA-EB-A57M-10A
371,/mnt/efs_v2/dbgap_tcga/users/tianrui.qi/SIP-DB2/data/embd/TCGA-EB-A5FP-01A
372,/mnt/efs_v2/dbgap_tcga/users/tianrui.qi/SIP-DB2/data/embd/TCGA-EB-A5FP-10A
373,/mnt/efs_v2/dbgap_tcga/users/tianrui.qi/SIP-DB2/data/embd/TCGA-EB-A5KH-06A
374,/mnt/efs_v2/dbgap_tcga/users/tianrui.qi/SIP-DB2/data/embd/TCGA-EB-A5KH-10A
375,/mnt/efs_v2/dbgap_tcga/users/tianrui.qi/SIP-DB2/data/embd/TCGA-EB-A5SE-01A
376,/mnt/efs_v2/dbgap_tcga/users/tianrui.qi/SIP-DB2/data/embd/TCGA-EB-A5SE-10A
377,/mnt/efs_v2/dbgap_tcga/users/tianrui.qi/SIP-DB2/data/embd/TCGA-EB-A5SF-01A
378,/mnt/efs_v2/dbgap_tcga/users/tianrui.qi/SIP-DB2/data/embd/TCGA-EB-A5SF-10A
379,/mnt/efs_v2/dbgap_tcga/users/tianrui.qi/SIP-DB2/data/embd/TCGA-EB-A5SG-06A
380,/mnt/efs_v2/dbgap_tcga/users/tianrui.qi/SIP-DB2/data/embd/TCGA-EB-A5SG-10A
381,/mnt/efs_v2/dbgap_tcga/users/tianrui.qi/SIP-DB2/data/embd/TCGA-EB-A5SH-06A
382,/mnt/efs_v2/dbgap_tcga/users/tianrui.qi/SIP-DB2/data/embd/TCGA-EB-A5SH-10A
383,/mnt/efs_v2/dbgap_tcga/users/tianrui.qi/SIP-DB2/data/embd/TCGA-EB-A5UL-06A
384,/mnt/efs_v2/dbgap_tcga/users/tianrui.qi/SIP-DB2/data/embd/TCGA-EB-A5UL-10A
385,/mnt/efs_v2/dbgap_tcga/users/tianrui.qi/SIP-DB2/data/embd/TCGA-EB-A5UM-01A
386,/mnt/efs_v2/dbgap_tcga/users/tianrui.qi/SIP-DB2/data/embd/TCGA-EB-A5UM-10A
387,/mnt/efs_v2/dbgap_tcga/users/tianrui.qi/SIP-DB2/data/embd/TCGA-EB-A5UN-06A
388,/mnt/efs_v2/dbgap_tcga/users/tianrui.qi/SIP-DB2/data/embd/TCGA-EB-A5UN-10A
389,/mnt/efs_v2/dbgap_tcga/users/tianrui.qi/SIP-DB2/data/embd/TCGA-EB-A5VU-01A
390,/mnt/efs_v2/dbgap_tcga/users/tianrui.qi/SIP-DB2/data/embd/TCGA-EB-A5VU-10A
391,/mnt/efs_v2/dbgap_tcga/users/tianrui.qi/SIP-DB2/data/embd/TCGA-EB-A5VV-06A
392,/mnt/efs_v2/dbgap_tcga/users/tianrui.qi/SIP-DB2/data/embd/TCGA-EB-A5VV-10A
393,/mnt/efs_v2/dbgap_tcga/users/tianrui.qi/SIP-DB2/data/embd/TCGA-EB-A6L9-06A
394,/mnt/efs_v2/dbgap_tcga/users/tianrui.qi/SIP-DB2/data/embd/TCGA-EB-A6L9-10A
395,/mnt/efs_v2/dbgap_tcga/users/tianrui.qi/SIP-DB2/data/embd/TCGA-EB-A6QY-01A
396,/mnt/efs_v2/dbgap_tcga/users/tianrui.qi/SIP-DB2/data/embd/TCGA-EB-A6QY-10B
397,/mnt/efs_v2/dbgap_tcga/users/tianrui.qi/SIP-DB2/data/embd/TCGA-EB-A6QZ-01A
398,/mnt/efs_v2/dbgap_tcga/users/tianrui.qi/SIP-DB2/data/embd/TCGA-EB-A6QZ-10B
399,/mnt/efs_v2/dbgap_tcga/users/tianrui.qi/SIP-DB2/data/embd/TCGA-EB-A6R0-01A
400,/mnt/efs_v2/dbgap_tcga/users/tianrui.qi/SIP-DB2/data/embd/TCGA-EB-A6R0-10B
401,/mnt/efs_v2/dbgap_tcga/users/tianrui.qi/SIP-DB2/data/embd/TCGA-EB-A82B-01A
402,/mnt/efs_v2/dbgap_tcga/users/tianrui.qi/SIP-DB2/data/embd/TCGA-EB-A82B-10B
403,/mnt/efs_v2/dbgap_tcga/users/tianrui.qi/SIP-DB2/data/embd/TCGA-EB-A82C-01A
404,/mnt/efs_v2/dbgap_tcga/users/tianrui.qi/SIP-DB2/data/embd/TCGA-EB-A82C-10B
405,/mnt/efs_v2/dbgap_tcga/users/tianrui.qi/SIP-DB2/data/embd/TCGA-EB-A85I-01A
406,/mnt/efs_v2/dbgap_tcga/users/tianrui.qi/SIP-DB2/data/embd/TCGA-EB-A85I-10B
407,/mnt/efs_v2/dbgap_tcga/users/tianrui.qi/SIP-DB2/data/embd/TCGA-EB-A85J-01A
408,/mnt/efs_v2/dbgap_tcga/users/tianrui.qi/SIP-DB2/data/embd/TCGA-EB-A85J-10B
409,/mnt/efs_v2/dbgap_tcga/users/tianrui.qi/SIP-DB2/data/embd/TCGA-EB-A97M-01A
410,/mnt/efs_v2/dbgap_tcga/users/tianrui.qi/SIP-DB2/data/embd/TCGA-EB-A97M-10A
411,/mnt/efs_v2/dbgap_tcga/users/tianrui.qi/SIP-DB2/data/embd/TCGA-EE-A17X-06A
412,/mnt/efs_v2/dbgap_tcga/users/tianrui.qi/SIP-DB2/data/embd/TCGA-EE-A17X-10A
413,/mnt/efs_v2/dbgap_tcga/users/tianrui.qi/SIP-DB2/data/embd/TCGA-EE-A17Y-06A
414,/mnt/efs_v2/dbgap_tcga/users/tianrui.qi/SIP-DB2/data/embd/TCGA-EE-A17Y-10B
415,/mnt/efs_v2/dbgap_tcga/users/tianrui.qi/SIP-DB2/data/embd/TCGA-EE-A17Z-06A
416,/mnt/efs_v2/dbgap_tcga/users/tianrui.qi/SIP-DB2/data/embd/TCGA-EE-A17Z-10A
417,/mnt/efs_v2/dbgap_tcga/users/tianrui.qi/SIP-DB2/data/embd/TCGA-EE-A180-06A
418,/mnt/efs_v2/dbgap_tcga/users/tianrui.qi/SIP-DB2/data/embd/TCGA-EE-A180-10B
419,/mnt/efs_v2/dbgap_tcga/users/tianrui.qi/SIP-DB2/data/embd/TCGA-EE-A181-06A
420,/mnt/efs_v2/dbgap_tcga/users/tianrui.qi/SIP-DB2/data/embd/TCGA-EE-A181-10A
421,/mnt/efs_v2/dbgap_tcga/users/tianrui.qi/SIP-DB2/data/embd/TCGA-EE-A182-06A
422,/mnt/efs_v2/dbgap_tcga/users/tianrui.qi/SIP-DB2/data/embd/TCGA-EE-A182-10A
423,/mnt/efs_v2/dbgap_tcga/users/tianrui.qi/SIP-DB2/data/embd/TCGA-EE-A183-06A
424,/mnt/efs_v2/dbgap_tcga/users/tianrui.qi/SIP-DB2/data/embd/TCGA-EE-A183-10A
425,/mnt/efs_v2/dbgap_tcga/users/tianrui.qi/SIP-DB2/data/embd/TCGA-EE-A184-06A
426,/mnt/efs_v2/dbgap_tcga/users/tianrui.qi/SIP-DB2/data/embd/TCGA-EE-A184-10B
427,/mnt/efs_v2/dbgap_tcga/users/tianrui.qi/SIP-DB2/data/embd/TCGA-EE-A185-06A
428,/mnt/efs_v2/dbgap_tcga/users/tianrui.qi/SIP-DB2/data/embd/TCGA-EE-A185-10A
429,/mnt/efs_v2/dbgap_tcga/users/tianrui.qi/SIP-DB2/data/embd/TCGA-EE-A20B-06A
430,/mnt/efs_v2/dbgap_tcga/users/tianrui.qi/SIP-DB2/data/embd/TCGA-EE-A20B-10A
431,/mnt/efs_v2/dbgap_tcga/users/tianrui.qi/SIP-DB2/data/embd/TCGA-EE-A20C-06A
432,/mnt/efs_v2/dbgap_tcga/users/tianrui.qi/SIP-DB2/data/embd/TCGA-EE-A20C-10A
433,/mnt/efs_v2/dbgap_tcga/users/tianrui.qi/SIP-DB2/data/embd/TCGA-EE-A20F-06A
434,/mnt/efs_v2/dbgap_tcga/users/tianrui.qi/SIP-DB2/data/embd/TCGA-EE-A20F-10A
435,/mnt/efs_v2/dbgap_tcga/users/tianrui.qi/SIP-DB2/data/embd/TCGA-EE-A20H-06A
436,/mnt/efs_v2/dbgap_tcga/users/tianrui.qi/SIP-DB2/data/embd/TCGA-EE-A20H-10A
437,/mnt/efs_v2/dbgap_tcga/users/tianrui.qi/SIP-DB2/data/embd/TCGA-EE-A20I-06A
438,/mnt/efs_v2/dbgap_tcga/users/tianrui.qi/SIP-DB2/data/embd/TCGA-EE-A20I-10A
439,/mnt/efs_v2/dbgap_tcga/users/tianrui.qi/SIP-DB2/data/embd/TCGA-EE-A29A-06A
440,/mnt/efs_v2/dbgap_tcga/users/tianrui.qi/SIP-DB2/data/embd/TCGA-EE-A29A-10A
441,/mnt/efs_v2/dbgap_tcga/users/tianrui.qi/SIP-DB2/data/embd/TCGA-EE-A29B-06A
442,/mnt/efs_v2/dbgap_tcga/users/tianrui.qi/SIP-DB2/data/embd/TCGA-EE-A29B-10A
443,/mnt/efs_v2/dbgap_tcga/users/tianrui.qi/SIP-DB2/data/embd/TCGA-EE-A29C-06A
444,/mnt/efs_v2/dbgap_tcga/users/tianrui.qi/SIP-DB2/data/embd/TCGA-EE-A29C-10A
445,/mnt/efs_v2/dbgap_tcga/users/tianrui.qi/SIP-DB2/data/embd/TCGA-EE-A29D-06A
446,/mnt/efs_v2/dbgap_tcga/users/tianrui.qi/SIP-DB2/data/embd/TCGA-EE-A29D-10A
447,/mnt/efs_v2/dbgap_tcga/users/tianrui.qi/SIP-DB2/data/embd/TCGA-EE-A29E-06A
448,/mnt/efs_v2/dbgap_tcga/users/tianrui.qi/SIP-DB2/data/embd/TCGA-EE-A29E-10A
449,/mnt/efs_v2/dbgap_tcga/users/tianrui.qi/SIP-DB2/data/embd/TCGA-EE-A29G-06A
450,/mnt/efs_v2/dbgap_tcga/users/tianrui.qi/SIP-DB2/data/embd/TCGA-EE-A29G-10A
451,/mnt/efs_v2/dbgap_tcga/users/tianrui.qi/SIP-DB2/data/embd/TCGA-EE-A29H-06A
452,/mnt/efs_v2/dbgap_tcga/users/tianrui.qi/SIP-DB2/data/embd/TCGA-EE-A29H-10A
453,/mnt/efs_v2/dbgap_tcga/users/tianrui.qi/SIP-DB2/data/embd/TCGA-EE-A29L-06A
454,/mnt/efs_v2/dbgap_tcga/users/tianrui.qi/SIP-DB2/data/embd/TCGA-EE-A29L-10A
455,/mnt/efs_v2/dbgap_tcga/users/tianrui.qi/SIP-DB2/data/embd/TCGA-EE-A29M-06A
456,/mnt/efs_v2/dbgap_tcga/users/tianrui.qi/SIP-DB2/data/embd/TCGA-EE-A29M-10A
457,/mnt/efs_v2/dbgap_tcga/users/tianrui.qi/SIP-DB2/data/embd/TCGA-EE-A29N-06A
458,/mnt/efs_v2/dbgap_tcga/users/tianrui.qi/SIP-DB2/data/embd/TCGA-EE-A29N-10A
459,/mnt/efs_v2/dbgap_tcga/users/tianrui.qi/SIP-DB2/data/embd/TCGA-EE-A29P-06A
460,/mnt/efs_v2/dbgap_tcga/users/tianrui.qi/SIP-DB2/data/embd/TCGA-EE-A29P-10A
461,/mnt/efs_v2/dbgap_tcga/users/tianrui.qi/SIP-DB2/data/embd/TCGA-EE-A29Q-06A
462,/mnt/efs_v2/dbgap_tcga/users/tianrui.qi/SIP-DB2/data/embd/TCGA-EE-A29Q-10A
463,/mnt/efs_v2/dbgap_tcga/users/tianrui.qi/SIP-DB2/data/embd/TCGA-EE-A29R-06A
464,/mnt/efs_v2/dbgap_tcga/users/tianrui.qi/SIP-DB2/data/embd/TCGA-EE-A29R-10A
465,/mnt/efs_v2/dbgap_tcga/users/tianrui.qi/SIP-DB2/data/embd/TCGA-EE-A29S-06A
466,/mnt/efs_v2/dbgap_tcga/users/tianrui.qi/SIP-DB2/data/embd/TCGA-EE-A29S-10A
467,/mnt/efs_v2/dbgap_tcga/users/tianrui.qi/SIP-DB2/data/embd/TCGA-EE-A29T-06A
468,/mnt/efs_v2/dbgap_tcga/users/tianrui.qi/SIP-DB2/data/embd/TCGA-EE-A29T-10A
469,/mnt/efs_v2/dbgap_tcga/users/tianrui.qi/SIP-DB2/data/embd/TCGA-EE-A29V-06A
470,/mnt/efs_v2/dbgap_tcga/users/tianrui.qi/SIP-DB2/data/embd/TCGA-EE-A29V-10A
471,/mnt/efs_v2/dbgap_tcga/users/tianrui.qi/SIP-DB2/data/embd/TCGA-EE-A29W-06A
472,/mnt/efs_v2/dbgap_tcga/users/tianrui.qi/SIP-DB2/data/embd/TCGA-EE-A29W-10A
473,/mnt/efs_v2/dbgap_tcga/users/tianrui.qi/SIP-DB2/data/embd/TCGA-EE-A29X-06A
474,/mnt/efs_v2/dbgap_tcga/users/tianrui.qi/SIP-DB2/data/embd/TCGA-EE-A29X-10A
475,/mnt/efs_v2/dbgap_tcga/users/tianrui.qi/SIP-DB2/data/embd/TCGA-EE-A2A0-06A
476,/mnt/efs_v2/dbgap_tcga/users/tianrui.qi/SIP-DB2/data/embd/TCGA-EE-A2A0-10A
477,/mnt/efs_v2/dbgap_tcga/users/tianrui.qi/SIP-DB2/data/embd/TCGA-EE-A2A1-06A
478,/mnt/efs_v2/dbgap_tcga/users/tianrui.qi/SIP-DB2/data/embd/TCGA-EE-A2A1-10A
479,/mnt/efs_v2/dbgap_tcga/users/tianrui.qi/SIP-DB2/data/embd/TCGA-EE-A2A2-06A
480,/mnt/efs_v2/dbgap_tcga/users/tianrui.qi/SIP-DB2/data/embd/TCGA-EE-A2A2-10A
481,/mnt/efs_v2/dbgap_tcga/users/tianrui.qi/SIP-DB2/data/embd/TCGA-EE-A2A5-06A
482,/mnt/efs_v2/dbgap_tcga/users/tianrui.qi/SIP-DB2/data/embd/TCGA-EE-A2A5-10A
483,/mnt/efs_v2/dbgap_tcga/users/tianrui.qi/SIP-DB2/data/embd/TCGA-EE-A2A6-06A
484,/mnt/efs_v2/dbgap_tcga/users/tianrui.qi/SIP-DB2/data/embd/TCGA-EE-A2A6-10A
485,/mnt/efs_v2/dbgap_tcga/users/tianrui.qi/SIP-DB2/data/embd/TCGA-EE-A2GB-06A
486,/mnt/efs_v2/dbgap_tcga/users/tianrui.qi/SIP-DB2/data/embd/TCGA-EE-A2GB-10A
487,/mnt/efs_v2/dbgap_tcga/users/tianrui.qi/SIP-DB2/data/embd/TCGA-EE-A2GC-06A
488,/mnt/efs_v2/dbgap_tcga/users/tianrui.qi/SIP-DB2/data/embd/TCGA-EE-A2GC-10A
489,/mnt/efs_v2/dbgap_tcga/users/tianrui.qi/SIP-DB2/data/embd/TCGA-EE-A2GD-06A
490,/mnt/efs_v2/dbgap_tcga/users/tianrui.qi/SIP-DB2/data/embd/TCGA-EE-A2GD-10A
491,/mnt/efs_v2/dbgap_tcga/users/tianrui.qi/SIP-DB2/data/embd/TCGA-EE-A2GE-06A
492,/mnt/efs_v2/dbgap_tcga/users/tianrui.qi/SIP-DB2/data/embd/TCGA-EE-A2GE-10A
493,/mnt/efs_v2/dbgap_tcga/users/tianrui.qi/SIP-DB2/data/embd/TCGA-EE-A2GH-06A
494,/mnt/efs_v2/dbgap_tcga/users/tianrui.qi/SIP-DB2/data/embd/TCGA-EE-A2GH-10A
495,/mnt/efs_v2/dbgap_tcga/users/tianrui.qi/SIP-DB2/data/embd/TCGA-EE-A2GI-06A
496,/mnt/efs_v2/dbgap_tcga/users/tianrui.qi/SIP-DB2/data/embd/TCGA-EE-A2GI-10A
497,/mnt/efs_v2/dbgap_tcga/users/tianrui.qi/SIP-DB2/data/embd/TCGA-EE-A2GJ-06A
498,/mnt/efs_v2/dbgap_tcga/users/tianrui.qi/SIP-DB2/data/embd/TCGA-EE-A2GJ-10A
499,/mnt/efs_v2/dbgap_tcga/users/tianrui.qi/SIP-DB2/data/embd/TCGA-EE-A2GK-06A
500,/mnt/efs_v2/dbgap_tcga/users/tianrui.qi/SIP-DB2/data/embd/TCGA-EE-A2GK-10A
501,/mnt/efs_v2/dbgap_tcga/users/tianrui.qi/SIP-DB2/data/embd/TCGA-EE-A2GL-06A
502,/mnt/efs_v2/dbgap_tcga/users/tianrui.qi/SIP-DB2/data/embd/TCGA-EE-A2GL-10A
503,/mnt/efs_v2/dbgap_tcga/users/tianrui.qi/SIP-DB2/data/embd/TCGA-EE-A2GM-06B
504,/mnt/efs_v2/dbgap_tcga/users/tianrui.qi/SIP-DB2/data/embd/TCGA-EE-A2GM-10A
505,/mnt/efs_v2/dbgap_tcga/users/tianrui.qi/SIP-DB2/data/embd/TCGA-EE-A2GN-06A
506,/mnt/efs_v2/dbgap_tcga/users/tianrui.qi/SIP-DB2/data/embd/TCGA-EE-A2GN-10A
507,/mnt/efs_v2/dbgap_tcga/users/tianrui.qi/SIP-DB2/data/embd/TCGA-EE-A2GO-06A
508,/mnt/efs_v2/dbgap_tcga/users/tianrui.qi/SIP-DB2/data/embd/TCGA-EE-A2GO-10A
509,/mnt/efs_v2/dbgap_tcga/users/tianrui.qi/SIP-DB2/data/embd/TCGA-EE-A2GP-06A
510,/mnt/efs_v2/dbgap_tcga/users/tianrui.qi/SIP-DB2/data/embd/TCGA-EE-A2GP-10A
511,/mnt/efs_v2/dbgap_tcga/users/tianrui.qi/SIP-DB2/data/embd/TCGA-EE-A2GR-06A
512,/mnt/efs_v2/dbgap_tcga/users/tianrui.qi/SIP-DB2/data/embd/TCGA-EE-A2GR-10A
513,/mnt/efs_v2/dbgap_tcga/users/tianrui.qi/SIP-DB2/data/embd/TCGA-EE-A2GS-06A
514,/mnt/efs_v2/dbgap_tcga/users/tianrui.qi/SIP-DB2/data/embd/TCGA-EE-A2GS-10A
515,/mnt/efs_v2/dbgap_tcga/users/tianrui.qi/SIP-DB2/data/embd/TCGA-EE-A2GT-06A
516,/mnt/efs_v2/dbgap_tcga/users/tianrui.qi/SIP-DB2/data/embd/TCGA-EE-A2GT-10A
517,/mnt/efs_v2/dbgap_tcga/users/tianrui.qi/SIP-DB2/data/embd/TCGA-EE-A2GU-06A
518,/mnt/efs_v2/dbgap_tcga/users/tianrui.qi/SIP-DB2/data/embd/TCGA-EE-A2GU-10A
519,/mnt/efs_v2/dbgap_tcga/users/tianrui.qi/SIP-DB2/data/embd/TCGA-EE-A2M5-06A
520,/mnt/efs_v2/dbgap_tcga/users/tianrui.qi/SIP-DB2/data/embd/TCGA-EE-A2M5-10A
521,/mnt/efs_v2/dbgap_tcga/users/tianrui.qi/SIP-DB2/data/embd/TCGA-EE-A2M6-06A
522,/mnt/efs_v2/dbgap_tcga/users/tianrui.qi/SIP-DB2/data/embd/TCGA-EE-A2M6-10A
523,/mnt/efs_v2/dbgap_tcga/users/tianrui.qi/SIP-DB2/data/embd/TCGA-EE-A2M7-06A
524,/mnt/efs_v2/dbgap_tcga/users/tianrui.qi/SIP-DB2/data/embd/TCGA-EE-A2M7-10A
525,/mnt/efs_v2/dbgap_tcga/users/tianrui.qi/SIP-DB2/data/embd/TCGA-EE-A2M8-06A
526,/mnt/efs_v2/dbgap_tcga/users/tianrui.qi/SIP-DB2/data/embd/TCGA-EE-A2M8-10A
527,/mnt/efs_v2/dbgap_tcga/users/tianrui.qi/SIP-DB2/data/embd/TCGA-EE-A2MC-06A
528,/mnt/efs_v2/dbgap_tcga/users/tianrui.qi/SIP-DB2/data/embd/TCGA-EE-A2MC-10A
529,/mnt/efs_v2/dbgap_tcga/users/tianrui.qi/SIP-DB2/data/embd/TCGA-EE-A2MD-06A
530,/mnt/efs_v2/dbgap_tcga/users/tianrui.qi/SIP-DB2/data/embd/TCGA-EE-A2MD-10A
531,/mnt/efs_v2/dbgap_tcga/users/tianrui.qi/SIP-DB2/data/embd/TCGA-EE-A2ME-06A
532,/mnt/efs_v2/dbgap_tcga/users/tianrui.qi/SIP-DB2/data/embd/TCGA-EE-A2ME-10A
533,/mnt/efs_v2/dbgap_tcga/users/tianrui.qi/SIP-DB2/data/embd/TCGA-EE-A2MF-06A
534,/mnt/efs_v2/dbgap_tcga/users/tianrui.qi/SIP-DB2/data/embd/TCGA-EE-A2MF-10B
535,/mnt/efs_v2/dbgap_tcga/users/tianrui.qi/SIP-DB2/data/embd/TCGA-EE-A2MG-06A
536,/mnt/efs_v2/dbgap_tcga/users/tianrui.qi/SIP-DB2/data/embd/TCGA-EE-A2MG-10A
537,/mnt/efs_v2/dbgap_tcga/users/tianrui.qi/SIP-DB2/data/embd/TCGA-EE-A2MH-06A
538,/mnt/efs_v2/dbgap_tcga/users/tianrui.qi/SIP-DB2/data/embd/TCGA-EE-A2MH-10A
539,/mnt/efs_v2/dbgap_tcga/users/tianrui.qi/SIP-DB2/data/embd/TCGA-EE-A2MI-06A
540,/mnt/efs_v2/dbgap_tcga/users/tianrui.qi/SIP-DB2/data/embd/TCGA-EE-A2MI-10A
541,/mnt/efs_v2/dbgap_tcga/users/tianrui.qi/SIP-DB2/data/embd/TCGA-EE-A2MJ-06A
542,/mnt/efs_v2/dbgap_tcga/users/tianrui.qi/SIP-DB2/data/embd/TCGA-EE-A2MJ-10A
543,/mnt/efs_v2/dbgap_tcga/users/tianrui.qi/SIP-DB2/data/embd/TCGA-EE-A2MK-06A
544,/mnt/efs_v2/dbgap_tcga/users/tianrui.qi/SIP-DB2/data/embd/TCGA-EE-A2MK-10A
545,/mnt/efs_v2/dbgap_tcga/users/tianrui.qi/SIP-DB2/data/embd/TCGA-EE-A2ML-06A
546,/mnt/efs_v2/dbgap_tcga/users/tianrui.qi/SIP-DB2/data/embd/TCGA-EE-A2ML-10A
547,/mnt/efs_v2/dbgap_tcga/users/tianrui.qi/SIP-DB2/data/embd/TCGA-EE-A2MM-06A
548,/mnt/efs_v2/dbgap_tcga/users/tianrui.qi/SIP-DB2/data/embd/TCGA-EE-A2MM-10A
549,/mnt/efs_v2/dbgap_tcga/users/tianrui.qi/SIP-DB2/data/embd/TCGA-EE-A2MN-06A
550,/mnt/efs_v2/dbgap_tcga/users/tianrui.qi/SIP-DB2/data/embd/TCGA-EE-A2MN-10A
551,/mnt/efs_v2/dbgap_tcga/users/tianrui.qi/SIP-DB2/data/embd/TCGA-EE-A2MP-06A
552,/mnt/efs_v2/dbgap_tcga/users/tianrui.qi/SIP-DB2/data/embd/TCGA-EE-A2MP-10A
553,/mnt/efs_v2/dbgap_tcga/users/tianrui.qi/SIP-DB2/data/embd/TCGA-EE-A2MQ-06A
554,/mnt/efs_v2/dbgap_tcga/users/tianrui.qi/SIP-DB2/data/embd/TCGA-EE-A2MQ-10A
555,/mnt/efs_v2/dbgap_tcga/users/tianrui.qi/SIP-DB2/data/embd/TCGA-EE-A2MR-06A
556,/mnt/efs_v2/dbgap_tcga/users/tianrui.qi/SIP-DB2/data/embd/TCGA-EE-A2MR-10A
557,/mnt/efs_v2/dbgap_tcga/users/tianrui.qi/SIP-DB2/data/embd/TCGA-EE-A2MS-06A
558,/mnt/efs_v2/dbgap_tcga/users/tianrui.qi/SIP-DB2/data/embd/TCGA-EE-A2MS-10A
559,/mnt/efs_v2/dbgap_tcga/users/tianrui.qi/SIP-DB2/data/embd/TCGA-EE-A2MT-06A
560,/mnt/efs_v2/dbgap_tcga/users/tianrui.qi/SIP-DB2/data/embd/TCGA-EE-A2MT-10A
561,/mnt/efs_v2/dbgap_tcga/users/tianrui.qi/SIP-DB2/data/embd/TCGA-EE-A2MU-06A
562,/mnt/efs_v2/dbgap_tcga/users/tianrui.qi/SIP-DB2/data/embd/TCGA-EE-A2MU-10A
563,/mnt/efs_v2/dbgap_tcga/users/tianrui.qi/SIP-DB2/data/embd/TCGA-EE-A3AA-06A
564,/mnt/efs_v2/dbgap_tcga/users/tianrui.qi/SIP-DB2/data/embd/TCGA-EE-A3AA-10A
565,/mnt/efs_v2/dbgap_tcga/users/tianrui.qi/SIP-DB2/data/embd/TCGA-EE-A3AB-06A
566,/mnt/efs_v2/dbgap_tcga/users/tianrui.qi/SIP-DB2/data/embd/TCGA-EE-A3AB-10A
567,/mnt/efs_v2/dbgap_tcga/users/tianrui.qi/SIP-DB2/data/embd/TCGA-EE-A3AC-06A
568,/mnt/efs_v2/dbgap_tcga/users/tianrui.qi/SIP-DB2/data/embd/TCGA-EE-A3AC-10A
569,/mnt/efs_v2/dbgap_tcga/users/tianrui.qi/SIP-DB2/data/embd/TCGA-EE-A3AD-06A
570,/mnt/efs_v2/dbgap_tcga/users/tianrui.qi/SIP-DB2/data/embd/TCGA-EE-A3AD-10A
571,/mnt/efs_v2/dbgap_tcga/users/tianrui.qi/SIP-DB2/data/embd/TCGA-EE-A3AE-06A
572,/mnt/efs_v2/dbgap_tcga/users/tianrui.qi/SIP-DB2/data/embd/TCGA-EE-A3AE-10A
573,/mnt/efs_v2/dbgap_tcga/users/tianrui.qi/SIP-DB2/data/embd/TCGA-EE-A3AF-06A
574,/mnt/efs_v2/dbgap_tcga/users/tianrui.qi/SIP-DB2/data/embd/TCGA-EE-A3AF-10A
575,/mnt/efs_v2/dbgap_tcga/users/tianrui.qi/SIP-DB2/data/embd/TCGA-EE-A3AG-06A
576,/mnt/efs_v2/dbgap_tcga/users/tianrui.qi/SIP-DB2/data/embd/TCGA-EE-A3AG-10A
577,/mnt/efs_v2/dbgap_tcga/users/tianrui.qi/SIP-DB2/data/embd/TCGA-EE-A3AH-06A
578,/mnt/efs_v2/dbgap_tcga/users/tianrui.qi/SIP-DB2/data/embd/TCGA-EE-A3AH-10A
579,/mnt/efs_v2/dbgap_tcga/users/tianrui.qi/SIP-DB2/data/embd/TCGA-EE-A3J3-06A
580,/mnt/efs_v2/dbgap_tcga/users/tianrui.qi/SIP-DB2/data/embd/TCGA-EE-A3J3-10A
581,/mnt/efs_v2/dbgap_tcga/users/tianrui.qi/SIP-DB2/data/embd/TCGA-EE-A3J4-06A
582,/mnt/efs_v2/dbgap_tcga/users/tianrui.qi/SIP-DB2/data/embd/TCGA-EE-A3J4-10A
583,/mnt/efs_v2/dbgap_tcga/users/tianrui.qi/SIP-DB2/data/embd/TCGA-EE-A3J5-06A
584,/mnt/efs_v2/dbgap_tcga/users/tianrui.qi/SIP-DB2/data/embd/TCGA-EE-A3J5-10A
585,/mnt/efs_v2/dbgap_tcga/users/tianrui.qi/SIP-DB2/data/embd/TCGA-EE-A3J7-06A
586,/mnt/efs_v2/dbgap_tcga/users/tianrui.qi/SIP-DB2/data/embd/TCGA-EE-A3J7-10A
587,/mnt/efs_v2/dbgap_tcga/users/tianrui.qi/SIP-DB2/data/embd/TCGA-EE-A3J8-06A
588,/mnt/efs_v2/dbgap_tcga/users/tianrui.qi/SIP-DB2/data/embd/TCGA-EE-A3J8-10A
589,/mnt/efs_v2/dbgap_tcga/users/tianrui.qi/SIP-DB2/data/embd/TCGA-EE-A3JA-06A
590,/mnt/efs_v2/dbgap_tcga/users/tianrui.qi/SIP-DB2/data/embd/TCGA-EE-A3JA-10A
591,/mnt/efs_v2/dbgap_tcga/users/tianrui.qi/SIP-DB2/data/embd/TCGA-EE-A3JB-06A
592,/mnt/efs_v2/dbgap_tcga/users/tianrui.qi/SIP-DB2/data/embd/TCGA-EE-A3JB-10A
593,/mnt/efs_v2/dbgap_tcga/users/tianrui.qi/SIP-DB2/data/embd/TCGA-EE-A3JD-06A
594,/mnt/efs_v2/dbgap_tcga/users/tianrui.qi/SIP-DB2/data/embd/TCGA-EE-A3JD-10A
595,/mnt/efs_v2/dbgap_tcga/users/tianrui.qi/SIP-DB2/data/embd/TCGA-EE-A3JE-06A
596,/mnt/efs_v2/dbgap_tcga/users/tianrui.qi/SIP-DB2/data/embd/TCGA-EE-A3JE-10A
597,/mnt/efs_v2/dbgap_tcga/users/tianrui.qi/SIP-DB2/data/embd/TCGA-EE-A3JH-06A
598,/mnt/efs_v2/dbgap_tcga/users/tianrui.qi/SIP-DB2/data/embd/TCGA-EE-A3JH-10A
599,/mnt/efs_v2/dbgap_tcga/users/tianrui.qi/SIP-DB2/data/embd/TCGA-EE-A3JI-06A
600,/mnt/efs_v2/dbgap_tcga/users/tianrui.qi/SIP-DB2/data/embd/TCGA-EE-A3JI-10A
601,/mnt/efs_v2/dbgap_tcga/users/tianrui.qi/SIP-DB2/data/embd/TCGA-ER-A193-06A
602,/mnt/efs_v2/dbgap_tcga/users/tianrui.qi/SIP-DB2/data/embd/TCGA-ER-A193-10A
603,/mnt/efs_v2/dbgap_tcga/users/tianrui.qi/SIP-DB2/data/embd/TCGA-ER-A194-01A
604,/mnt/efs_v2/dbgap_tcga/users/tianrui.qi/SIP-DB2/data/embd/TCGA-ER-A194-10A
605,/mnt/efs_v2/dbgap_tcga/users/tianrui.qi/SIP-DB2/data/embd/TCGA-ER-A195-06A
606,/mnt/efs_v2/dbgap_tcga/users/tianrui.qi/SIP-DB2/data/embd/TCGA-ER-A195-10A
607,/mnt/efs_v2/dbgap_tcga/users/tianrui.qi/SIP-DB2/data/embd/TCGA-ER-A196-01A
608,/mnt/efs_v2/dbgap_tcga/users/tianrui.qi/SIP-DB2/data/embd/TCGA-ER-A196-10A
609,/mnt/efs_v2/dbgap_tcga/users/tianrui.qi/SIP-DB2/data/embd/TCGA-ER-A197-06A
610,/mnt/efs_v2/dbgap_tcga/users/tianrui.qi/SIP-DB2/data/embd/TCGA-ER-A197-10A
611,/mnt/efs_v2/dbgap_tcga/users/tianrui.qi/SIP-DB2/data/embd/TCGA-ER-A198-06A
612,/mnt/efs_v2/dbgap_tcga/users/tianrui.qi/SIP-DB2/data/embd/TCGA-ER-A198-10A
613,/mnt/efs_v2/dbgap_tcga/users/tianrui.qi/SIP-DB2/data/embd/TCGA-ER-A199-06A
614,/mnt/efs_v2/dbgap_tcga/users/tianrui.qi/SIP-DB2/data/embd/TCGA-ER-A199-10A
615,/mnt/efs_v2/dbgap_tcga/users/tianrui.qi/SIP-DB2/data/embd/TCGA-ER-A19A-06A
616,/mnt/efs_v2/dbgap_tcga/users/tianrui.qi/SIP-DB2/data/embd/TCGA-ER-A19A-10A
617,/mnt/efs_v2/dbgap_tcga/users/tianrui.qi/SIP-DB2/data/embd/TCGA-ER-A19B-06A
618,/mnt/efs_v2/dbgap_tcga/users/tianrui.qi/SIP-DB2/data/embd/TCGA-ER-A19B-10A
619,/mnt/efs_v2/dbgap_tcga/users/tianrui.qi/SIP-DB2/data/embd/TCGA-ER-A19C-06A
620,/mnt/efs_v2/dbgap_tcga/users/tianrui.qi/SIP-DB2/data/embd/TCGA-ER-A19C-10A
621,/mnt/efs_v2/dbgap_tcga/users/tianrui.qi/SIP-DB2/data/embd/TCGA-ER-A19D-06A
622,/mnt/efs_v2/dbgap_tcga/users/tianrui.qi/SIP-DB2/data/embd/TCGA-ER-A19D-10A
623,/mnt/efs_v2/dbgap_tcga/users/tianrui.qi/SIP-DB2/data/embd/TCGA-ER-A19E-06A
624,/mnt/efs_v2/dbgap_tcga/users/tianrui.qi/SIP-DB2/data/embd/TCGA-ER-A19E-10A
625,/mnt/efs_v2/dbgap_tcga/users/tianrui.qi/SIP-DB2/data/embd/TCGA-ER-A19F-06A
626,/mnt/efs_v2/dbgap_tcga/users/tianrui.qi/SIP-DB2/data/embd/TCGA-ER-A19F-10A
627,/mnt/efs_v2/dbgap_tcga/users/tianrui.qi/SIP-DB2/data/embd/TCGA-ER-A19G-06A
628,/mnt/efs_v2/dbgap_tcga/users/tianrui.qi/SIP-DB2/data/embd/TCGA-ER-A19G-10A
629,/mnt/efs_v2/dbgap_tcga/users/tianrui.qi/SIP-DB2/data/embd/TCGA-ER-A19H-06A
630,/mnt/efs_v2/dbgap_tcga/users/tianrui.qi/SIP-DB2/data/embd/TCGA-ER-A19H-10A
631,/mnt/efs_v2/dbgap_tcga/users/tianrui.qi/SIP-DB2/data/embd/TCGA-ER-A19J-06A
632,/mnt/efs_v2/dbgap_tcga/users/tianrui.qi/SIP-DB2/data/embd/TCGA-ER-A19J-10A
633,/mnt/efs_v2/dbgap_tcga/users/tianrui.qi/SIP-DB2/data/embd/TCGA-ER-A19K-01A
634,/mnt/efs_v2/dbgap_tcga/users/tianrui.qi/SIP-DB2/data/embd/TCGA-ER-A19K-10A
635,/mnt/efs_v2/dbgap_tcga/users/tianrui.qi/SIP-DB2/data/embd/TCGA-ER-A19L-06A
636,/mnt/efs_v2/dbgap_tcga/users/tianrui.qi/SIP-DB2/data/embd/TCGA-ER-A19L-10A
637,/mnt/efs_v2/dbgap_tcga/users/tianrui.qi/SIP-DB2/data/embd/TCGA-ER-A19M-06A
638,/mnt/efs_v2/dbgap_tcga/users/tianrui.qi/SIP-DB2/data/embd/TCGA-ER-A19M-10A
639,/mnt/efs_v2/dbgap_tcga/users/tianrui.qi/SIP-DB2/data/embd/TCGA-ER-A19N-06A
640,/mnt/efs_v2/dbgap_tcga/users/tianrui.qi/SIP-DB2/data/embd/TCGA-ER-A19N-10A
641,/mnt/efs_v2/dbgap_tcga/users/tianrui.qi/SIP-DB2/data/embd/TCGA-ER-A19O-06A
642,/mnt/efs_v2/dbgap_tcga/users/tianrui.qi/SIP-DB2/data/embd/TCGA-ER-A19O-10A
643,/mnt/efs_v2/dbgap_tcga/users/tianrui.qi/SIP-DB2/data/embd/TCGA-ER-A19P-06A
644,/mnt/efs_v2/dbgap_tcga/users/tianrui.qi/SIP-DB2/data/embd/TCGA-ER-A19P-10A
645,/mnt/efs_v2/dbgap_tcga/users/tianrui.qi/SIP-DB2/data/embd/TCGA-ER-A19Q-06A
646,/mnt/efs_v2/dbgap_tcga/users/tianrui.qi/SIP-DB2/data/embd/TCGA-ER-A19Q-10A
647,/mnt/efs_v2/dbgap_tcga/users/tianrui.qi/SIP-DB2/data/embd/TCGA-ER-A19S-06A
648,/mnt/efs_v2/dbgap_tcga/users/tianrui.qi/SIP-DB2/data/embd/TCGA-ER-A19S-10A
649,/mnt/efs_v2/dbgap_tcga/users/tianrui.qi/SIP-DB2/data/embd/TCGA-ER-A19T-01A
650,/mnt/efs_v2/dbgap_tcga/users/tianrui.qi/SIP-DB2/data/embd/TCGA-ER-A19T-06A
651,/mnt/efs_v2/dbgap_tcga/users/tianrui.qi/SIP-DB2/data/embd/TCGA-ER-A19T-10A
652,/mnt/efs_v2/dbgap_tcga/users/tianrui.qi/SIP-DB2/data/embd/TCGA-ER-A19W-06A
653,/mnt/efs_v2/dbgap_tcga/users/tianrui.qi/SIP-DB2/data/embd/TCGA-ER-A19W-10A
654,/mnt/efs_v2/dbgap_tcga/users/tianrui.qi/SIP-DB2/data/embd/TCGA-ER-A1A1-06A
655,/mnt/efs_v2/dbgap_tcga/users/tianrui.qi/SIP-DB2/data/embd/TCGA-ER-A1A1-10A
656,/mnt/efs_v2/dbgap_tcga/users/tianrui.qi/SIP-DB2/data/embd/TCGA-ER-A2NB-01A
657,/mnt/efs_v2/dbgap_tcga/users/tianrui.qi/SIP-DB2/data/embd/TCGA-ER-A2NB-10A
658,/mnt/efs_v2/dbgap_tcga/users/tianrui.qi/SIP-DB2/data/embd/TCGA-ER-A2NC-06A
659,/mnt/efs_v2/dbgap_tcga/users/tianrui.qi/SIP-DB2/data/embd/TCGA-ER-A2NC-10A
660,/mnt/efs_v2/dbgap_tcga/users/tianrui.qi/SIP-DB2/data/embd/TCGA-ER-A2ND-06A
661,/mnt/efs_v2/dbgap_tcga/users/tianrui.qi/SIP-DB2/data/embd/TCGA-ER-A2ND-10A
662,/mnt/efs_v2/dbgap_tcga/users/tianrui.qi/SIP-DB2/data/embd/TCGA-ER-A2NE-06A
663,/mnt/efs_v2/dbgap_tcga/users/tianrui.qi/SIP-DB2/data/embd/TCGA-ER-A2NE-10A
664,/mnt/efs_v2/dbgap_tcga/users/tianrui.qi/SIP-DB2/data/embd/TCGA-ER-A2NF-01A
665,/mnt/efs_v2/dbgap_tcga/users/tianrui.qi/SIP-DB2/data/embd/TCGA-ER-A2NF-06A
666,/mnt/efs_v2/dbgap_tcga/users/tianrui.qi/SIP-DB2/data/embd/TCGA-ER-A2NF-10A
667,/mnt/efs_v2/dbgap_tcga/users/tianrui.qi/SIP-DB2/data/embd/TCGA-ER-A2NG-06A
668,/mnt/efs_v2/dbgap_tcga/users/tianrui.qi/SIP-DB2/data/embd/TCGA-ER-A2NG-10A
669,/mnt/efs_v2/dbgap_tcga/users/tianrui.qi/SIP-DB2/data/embd/TCGA-ER-A2NH-06A
670,/mnt/efs_v2/dbgap_tcga/users/tianrui.qi/SIP-DB2/data/embd/TCGA-ER-A2NH-10A
671,/mnt/efs_v2/dbgap_tcga/users/tianrui.qi/SIP-DB2/data/embd/TCGA-ER-A3ES-06A
672,/mnt/efs_v2/dbgap_tcga/users/tianrui.qi/SIP-DB2/data/embd/TCGA-ER-A3ES-10A
673,/mnt/efs_v2/dbgap_tcga/users/tianrui.qi/SIP-DB2/data/embd/TCGA-ER-A3ET-06A
674,/mnt/efs_v2/dbgap_tcga/users/tianrui.qi/SIP-DB2/data/embd/TCGA-ER-A3ET-10A
675,/mnt/efs_v2/dbgap_tcga/users/tianrui.qi/SIP-DB2/data/embd/TCGA-ER-A3EV-06A
676,/mnt/efs_v2/dbgap_tcga/users/tianrui.qi/SIP-DB2/data/embd/TCGA-ER-A3EV-10A
677,/mnt/efs_v2/dbgap_tcga/users/tianrui.qi/SIP-DB2/data/embd/TCGA-ER-A3PL-06A
678,/mnt/efs_v2/dbgap_tcga/users/tianrui.qi/SIP-DB2/data/embd/TCGA-ER-A3PL-10A
679,/mnt/efs_v2/dbgap_tcga/users/tianrui.qi/SIP-DB2/data/embd/TCGA-ER-A42H-01A
680,/mnt/efs_v2/dbgap_tcga/users/tianrui.qi/SIP-DB2/data/embd/TCGA-ER-A42H-10A
681,/mnt/efs_v2/dbgap_tcga/users/tianrui.qi/SIP-DB2/data/embd/TCGA-ER-A42K-06A
682,/mnt/efs_v2/dbgap_tcga/users/tianrui.qi/SIP-DB2/data/embd/TCGA-ER-A42K-10A
683,/mnt/efs_v2/dbgap_tcga/users/tianrui.qi/SIP-DB2/data/embd/TCGA-ER-A42L-06A
684,/mnt/efs_v2/dbgap_tcga/users/tianrui.qi/SIP-DB2/data/embd/TCGA-ER-A42L-10A
685,/mnt/efs_v2/dbgap_tcga/users/tianrui.qi/SIP-DB2/data/embd/TCGA-FR-A2OS-01A
686,/mnt/efs_v2/dbgap_tcga/users/tianrui.qi/SIP-DB2/data/embd/TCGA-FR-A2OS-10B
687,/mnt/efs_v2/dbgap_tcga/users/tianrui.qi/SIP-DB2/data/embd/TCGA-FR-A3R1-01A
688,/mnt/efs_v2/dbgap_tcga/users/tianrui.qi/SIP-DB2/data/embd/TCGA-FR-A3R1-10B
689,/mnt/efs_v2/dbgap_tcga/users/tianrui.qi/SIP-DB2/data/embd/TCGA-FR-A3YN-06A
690,/mnt/efs_v2/dbgap_tcga/users/tianrui.qi/SIP-DB2/data/embd/TCGA-FR-A3YN-10A
691,/mnt/efs_v2/dbgap_tcga/users/tianrui.qi/SIP-DB2/data/embd/TCGA-FR-A3YO-06A
692,/mnt/efs_v2/dbgap_tcga/users/tianrui.qi/SIP-DB2/data/embd/TCGA-FR-A3YO-10A
693,/mnt/efs_v2/dbgap_tcga/users/tianrui.qi/SIP-DB2/data/embd/TCGA-FR-A44A-06A
694,/mnt/efs_v2/dbgap_tcga/users/tianrui.qi/SIP-DB2/data/embd/TCGA-FR-A44A-10A
695,/mnt/efs_v2/dbgap_tcga/users/tianrui.qi/SIP-DB2/data/embd/TCGA-FR-A69P-06A
696,/mnt/efs_v2/dbgap_tcga/users/tianrui.qi/SIP-DB2/data/embd/TCGA-FR-A69P-10A
697,/mnt/efs_v2/dbgap_tcga/users/tianrui.qi/SIP-DB2/data/embd/TCGA-FR-A726-01A
698,/mnt/efs_v2/dbgap_tcga/users/tianrui.qi/SIP-DB2/data/embd/TCGA-FR-A726-10A
699,/mnt/efs_v2/dbgap_tcga/users/tianrui.qi/SIP-DB2/data/embd/TCGA-FR-A728-01A
700,/mnt/efs_v2/dbgap_tcga/users/tianrui.qi/SIP-DB2/data/embd/TCGA-FR-A728-10A
701,/mnt/efs_v2/dbgap_tcga/users/tianrui.qi/SIP-DB2/data/embd/TCGA-FR-A729-06A
702,/mnt/efs_v2/dbgap_tcga/users/tianrui.qi/SIP-DB2/data/embd/TCGA-FR-A729-10A
703,/mnt/efs_v2/dbgap_tcga/users/tianrui.qi/SIP-DB2/data/embd/TCGA-FR-A7U8-06A
704,/mnt/efs_v2/dbgap_tcga/users/tianrui.qi/SIP-DB2/data/embd/TCGA-FR-A7U8-10A
705,/mnt/efs_v2/dbgap_tcga/users/tianrui.qi/SIP-DB2/data/embd/TCGA-FR-A7U9-06A
706,/mnt/efs_v2/dbgap_tcga/users/tianrui.qi/SIP-DB2/data/embd/TCGA-FR-A7U9-10A
707,/mnt/efs_v2/dbgap_tcga/users/tianrui.qi/SIP-DB2/data/embd/TCGA-FR-A7UA-06A
708,/mnt/efs_v2/dbgap_tcga/users/tianrui.qi/SIP-DB2/data/embd/TCGA-FR-A7UA-10A
709,/mnt/efs_v2/dbgap_tcga/users/tianrui.qi/SIP-DB2/data/embd/TCGA-FR-A8YC-06A
710,/mnt/efs_v2/dbgap_tcga/users/tianrui.qi/SIP-DB2/data/embd/TCGA-FR-A8YC-10A
711,/mnt/efs_v2/dbgap_tcga/users/tianrui.qi/SIP-DB2/data/embd/TCGA-FR-A8YD-06A
712,/mnt/efs_v2/dbgap_tcga/users/tianrui.qi/SIP-DB2/data/embd/TCGA-FR-A8YD-10A
713,/mnt/efs_v2/dbgap_tcga/users/tianrui.qi/SIP-DB2/data/embd/TCGA-FR-A8YE-06A
714,/mnt/efs_v2/dbgap_tcga/users/tianrui.qi/SIP-DB2/data/embd/TCGA-FR-A8YE-10A
715,/mnt/efs_v2/dbgap_tcga/users/tianrui.qi/SIP-DB2/data/embd/TCGA-FS-A1YW-06A
716,/mnt/efs_v2/dbgap_tcga/users/tianrui.qi/SIP-DB2/data/embd/TCGA-FS-A1YW-10A
717,/mnt/efs_v2/dbgap_tcga/users/tianrui.qi/SIP-DB2/data/embd/TCGA-FS-A1YX-06A
718,/mnt/efs_v2/dbgap_tcga/users/tianrui.qi/SIP-DB2/data/embd/TCGA-FS-A1YX-10A
719,/mnt/efs_v2/dbgap_tcga/users/tianrui.qi/SIP-DB2/data/embd/TCGA-FS-A1YY-06A
720,/mnt/efs_v2/dbgap_tcga/users/tianrui.qi/SIP-DB2/data/embd/TCGA-FS-A1YY-10A
721,/mnt/efs_v2/dbgap_tcga/users/tianrui.qi/SIP-DB2/data/embd/TCGA-FS-A1Z0-06A
722,/mnt/efs_v2/dbgap_tcga/users/tianrui.qi/SIP-DB2/data/embd/TCGA-FS-A1Z0-10A
723,/mnt/efs_v2/dbgap_tcga/users/tianrui.qi/SIP-DB2/data/embd/TCGA-FS-A1Z3-06A
724,/mnt/efs_v2/dbgap_tcga/users/tianrui.qi/SIP-DB2/data/embd/TCGA-FS-A1Z3-10A
725,/mnt/efs_v2/dbgap_tcga/users/tianrui.qi/SIP-DB2/data/embd/TCGA-FS-A1Z4-06A
726,/mnt/efs_v2/dbgap_tcga/users/tianrui.qi/SIP-DB2/data/embd/TCGA-FS-A1Z4-10A
727,/mnt/efs_v2/dbgap_tcga/users/tianrui.qi/SIP-DB2/data/embd/TCGA-FS-A1Z7-06A
728,/mnt/efs_v2/dbgap_tcga/users/tianrui.qi/SIP-DB2/data/embd/TCGA-FS-A1Z7-10A
729,/mnt/efs_v2/dbgap_tcga/users/tianrui.qi/SIP-DB2/data/embd/TCGA-FS-A1ZA-06A
730,/mnt/efs_v2/dbgap_tcga/users/tianrui.qi/SIP-DB2/data/embd/TCGA-FS-A1ZA-10A
731,/mnt/efs_v2/dbgap_tcga/users/tianrui.qi/SIP-DB2/data/embd/TCGA-FS-A1ZB-06A
732,/mnt/efs_v2/dbgap_tcga/users/tianrui.qi/SIP-DB2/data/embd/TCGA-FS-A1ZB-10A
733,/mnt/efs_v2/dbgap_tcga/users/tianrui.qi/SIP-DB2/data/embd/TCGA-FS-A1ZC-06A
734,/mnt/efs_v2/dbgap_tcga/users/tianrui.qi/SIP-DB2/data/embd/TCGA-FS-A1ZC-10A
735,/mnt/efs_v2/dbgap_tcga/users/tianrui.qi/SIP-DB2/data/embd/TCGA-FS-A1ZD-06A
736,/mnt/efs_v2/dbgap_tcga/users/tianrui.qi/SIP-DB2/data/embd/TCGA-FS-A1ZD-10A
737,/mnt/efs_v2/dbgap_tcga/users/tianrui.qi/SIP-DB2/data/embd/TCGA-FS-A1ZE-06A
738,/mnt/efs_v2/dbgap_tcga/users/tianrui.qi/SIP-DB2/data/embd/TCGA-FS-A1ZE-10A
739,/mnt/efs_v2/dbgap_tcga/users/tianrui.qi/SIP-DB2/data/embd/TCGA-FS-A1ZF-06A
740,/mnt/efs_v2/dbgap_tcga/users/tianrui.qi/SIP-DB2/data/embd/TCGA-FS-A1ZF-10A
741,/mnt/efs_v2/dbgap_tcga/users/tianrui.qi/SIP-DB2/data/embd/TCGA-FS-A1ZG-06A
742,/mnt/efs_v2/dbgap_tcga/users/tianrui.qi/SIP-DB2/data/embd/TCGA-FS-A1ZG-10A
743,/mnt/efs_v2/dbgap_tcga/users/tianrui.qi/SIP-DB2/data/embd/TCGA-FS-A1ZH-06A
744,/mnt/efs_v2/dbgap_tcga/users/tianrui.qi/SIP-DB2/data/embd/TCGA-FS-A1ZH-10A
745,/mnt/efs_v2/dbgap_tcga/users/tianrui.qi/SIP-DB2/data/embd/TCGA-FS-A1ZJ-06A
746,/mnt/efs_v2/dbgap_tcga/users/tianrui.qi/SIP-DB2/data/embd/TCGA-FS-A1ZJ-10A
747,/mnt/efs_v2/dbgap_tcga/users/tianrui.qi/SIP-DB2/data/embd/TCGA-FS-A1ZK-06A
748,/mnt/efs_v2/dbgap_tcga/users/tianrui.qi/SIP-DB2/data/embd/TCGA-FS-A1ZK-10A
749,/mnt/efs_v2/dbgap_tcga/users/tianrui.qi/SIP-DB2/data/embd/TCGA-FS-A1ZM-06A
750,/mnt/efs_v2/dbgap_tcga/users/tianrui.qi/SIP-DB2/data/embd/TCGA-FS-A1ZM-10A
751,/mnt/efs_v2/dbgap_tcga/users/tianrui.qi/SIP-DB2/data/embd/TCGA-FS-A1ZN-01A
752,/mnt/efs_v2/dbgap_tcga/users/tianrui.qi/SIP-DB2/data/embd/TCGA-FS-A1ZN-10A
753,/mnt/efs_v2/dbgap_tcga/users/tianrui.qi/SIP-DB2/data/embd/TCGA-FS-A1ZP-06A
754,/mnt/efs_v2/dbgap_tcga/users/tianrui.qi/SIP-DB2/data/embd/TCGA-FS-A1ZP-10A
755,/mnt/efs_v2/dbgap_tcga/users/tianrui.qi/SIP-DB2/data/embd/TCGA-FS-A1ZQ-06A
756,/mnt/efs_v2/dbgap_tcga/users/tianrui.qi/SIP-DB2/data/embd/TCGA-FS-A1ZQ-10A
757,/mnt/efs_v2/dbgap_tcga/users/tianrui.qi/SIP-DB2/data/embd/TCGA-FS-A1ZR-06A
758,/mnt/efs_v2/dbgap_tcga/users/tianrui.qi/SIP-DB2/data/embd/TCGA-FS-A1ZR-10A
759,/mnt/efs_v2/dbgap_tcga/users/tianrui.qi/SIP-DB2/data/embd/TCGA-FS-A1ZS-06A
760,/mnt/efs_v2/dbgap_tcga/users/tianrui.qi/SIP-DB2/data/embd/TCGA-FS-A1ZS-10A
761,/mnt/efs_v2/dbgap_tcga/users/tianrui.qi/SIP-DB2/data/embd/TCGA-FS-A1ZT-06A
762,/mnt/efs_v2/dbgap_tcga/users/tianrui.qi/SIP-DB2/data/embd/TCGA-FS-A1ZT-10A
763,/mnt/efs_v2/dbgap_tcga/users/tianrui.qi/SIP-DB2/data/embd/TCGA-FS-A1ZU-06A
764,/mnt/efs_v2/dbgap_tcga/users/tianrui.qi/SIP-DB2/data/embd/TCGA-FS-A1ZU-10A
765,/mnt/efs_v2/dbgap_tcga/users/tianrui.qi/SIP-DB2/data/embd/TCGA-FS-A1ZW-06A
766,/mnt/efs_v2/dbgap_tcga/users/tianrui.qi/SIP-DB2/data/embd/TCGA-FS-A1ZW-10A
767,/mnt/efs_v2/dbgap_tcga/users/tianrui.qi/SIP-DB2/data/embd/TCGA-FS-A1ZY-06A
768,/mnt/efs_v2/dbgap_tcga/users/tianrui.qi/SIP-DB2/data/embd/TCGA-FS-A1ZY-10A
769,/mnt/efs_v2/dbgap_tcga/users/tianrui.qi/SIP-DB2/data/embd/TCGA-FS-A1ZZ-06A
770,/mnt/efs_v2/dbgap_tcga/users/tianrui.qi/SIP-DB2/data/embd/TCGA-FS-A1ZZ-10A
771,/mnt/efs_v2/dbgap_tcga/users/tianrui.qi/SIP-DB2/data/embd/TCGA-FS-A4F0-06A
772,/mnt/efs_v2/dbgap_tcga/users/tianrui.qi/SIP-DB2/data/embd/TCGA-FS-A4F0-10A
773,/mnt/efs_v2/dbgap_tcga/users/tianrui.qi/SIP-DB2/data/embd/TCGA-FS-A4F2-06A
774,/mnt/efs_v2/dbgap_tcga/users/tianrui.qi/SIP-DB2/data/embd/TCGA-FS-A4F2-10A
775,/mnt/efs_v2/dbgap_tcga/users/tianrui.qi/SIP-DB2/data/embd/TCGA-FS-A4F4-06A
776,/mnt/efs_v2/dbgap_tcga/users/tianrui.qi/SIP-DB2/data/embd/TCGA-FS-A4F4-10B
777,/mnt/efs_v2/dbgap_tcga/users/tianrui.qi/SIP-DB2/data/embd/TCGA-FS-A4F5-06A
778,/mnt/efs_v2/dbgap_tcga/users/tianrui.qi/SIP-DB2/data/embd/TCGA-FS-A4F5-10B
779,/mnt/efs_v2/dbgap_tcga/users/tianrui.qi/SIP-DB2/data/embd/TCGA-FS-A4F8-06A
780,/mnt/efs_v2/dbgap_tcga/users/tianrui.qi/SIP-DB2/data/embd/TCGA-FS-A4F8-10B
781,/mnt/efs_v2/dbgap_tcga/users/tianrui.qi/SIP-DB2/data/embd/TCGA-FS-A4F9-06A
782,/mnt/efs_v2/dbgap_tcga/users/tianrui.qi/SIP-DB2/data/embd/TCGA-FS-A4F9-10A
783,/mnt/efs_v2/dbgap_tcga/users/tianrui.qi/SIP-DB2/data/embd/TCGA-FS-A4FB-06A
784,/mnt/efs_v2/dbgap_tcga/users/tianrui.qi/SIP-DB2/data/embd/TCGA-FS-A4FB-10B
785,/mnt/efs_v2/dbgap_tcga/users/tianrui.qi/SIP-DB2/data/embd/TCGA-FS-A4FC-06A
786,/mnt/efs_v2/dbgap_tcga/users/tianrui.qi/SIP-DB2/data/embd/TCGA-FS-A4FC-10A
787,/mnt/efs_v2/dbgap_tcga/users/tianrui.qi/SIP-DB2/data/embd/TCGA-FS-A4FD-06A
788,/mnt/efs_v2/dbgap_tcga/users/tianrui.qi/SIP-DB2/data/embd/TCGA-FS-A4FD-10B
789,/mnt/efs_v2/dbgap_tcga/users/tianrui.qi/SIP-DB2/data/embd/TCGA-FW-A3I3-06A
790,/mnt/efs_v2/dbgap_tcga/users/tianrui.qi/SIP-DB2/data/embd/TCGA-FW-A3I3-10A
791,/mnt/efs_v2/dbgap_tcga/users/tianrui.qi/SIP-DB2/data/embd/TCGA-FW-A3R5-06A
792,/mnt/efs_v2/dbgap_tcga/users/tianrui.qi/SIP-DB2/data/embd/TCGA-FW-A3R5-10A
793,/mnt/efs_v2/dbgap_tcga/users/tianrui.qi/SIP-DB2/data/embd/TCGA-FW-A3R5-11A
794,/mnt/efs_v2/dbgap_tcga/users/tianrui.qi/SIP-DB2/data/embd/TCGA-FW-A3TU-06A
795,/mnt/efs_v2/dbgap_tcga/users/tianrui.qi/SIP-DB2/data/embd/TCGA-FW-A3TU-10A
796,/mnt/efs_v2/dbgap_tcga/users/tianrui.qi/SIP-DB2/data/embd/TCGA-FW-A3TV-06A
797,/mnt/efs_v2/dbgap_tcga/users/tianrui.qi/SIP-DB2/data/embd/TCGA-FW-A3TV-10A
798,/mnt/efs_v2/dbgap_tcga/users/tianrui.qi/SIP-DB2/data/embd/TCGA-FW-A5DX-01A
799,/mnt/efs_v2/dbgap_tcga/users/tianrui.qi/SIP-DB2/data/embd/TCGA-FW-A5DX-10A
800,/mnt/efs_v2/dbgap_tcga/users/tianrui.qi/SIP-DB2/data/embd/TCGA-FW-A5DY-06A
801,/mnt/efs_v2/dbgap_tcga/users/tianrui.qi/SIP-DB2/data/embd/TCGA-FW-A5DY-11A
802,/mnt/efs_v2/dbgap_tcga/users/tianrui.qi/SIP-DB2/data/embd/TCGA-GF-A2C7-01A
803,/mnt/efs_v2/dbgap_tcga/users/tianrui.qi/SIP-DB2/data/embd/TCGA-GF-A2C7-10A
804,/mnt/efs_v2/dbgap_tcga/users/tianrui.qi/SIP-DB2/data/embd/TCGA-GF-A3OT-06A
805,/mnt/efs_v2/dbgap_tcga/users/tianrui.qi/SIP-DB2/data/embd/TCGA-GF-A3OT-10A
806,/mnt/efs_v2/dbgap_tcga/users/tianrui.qi/SIP-DB2/data/embd/TCGA-GF-A4EO-06A
807,/mnt/efs_v2/dbgap_tcga/users/tianrui.qi/SIP-DB2/data/embd/TCGA-GF-A4EO-10A
808,/mnt/efs_v2/dbgap_tcga/users/tianrui.qi/SIP-DB2/data/embd/TCGA-GF-A6C8-06A
809,/mnt/efs_v2/dbgap_tcga/users/tianrui.qi/SIP-DB2/data/embd/TCGA-GF-A6C8-10A
810,/mnt/efs_v2/dbgap_tcga/users/tianrui.qi/SIP-DB2/data/embd/TCGA-GF-A6C9-06A
811,/mnt/efs_v2/dbgap_tcga/users/tianrui.qi/SIP-DB2/data/embd/TCGA-GF-A6C9-10A
812,/mnt/efs_v2/dbgap_tcga/users/tianrui.qi/SIP-DB2/data/embd/TCGA-GF-A769-01A
813,/mnt/efs_v2/dbgap_tcga/users/tianrui.qi/SIP-DB2/data/embd/TCGA-GF-A769-10A
814,/mnt/efs_v2/dbgap_tcga/users/tianrui.qi/SIP-DB2/data/embd/TCGA-GN-A262-06A
815,/mnt/efs_v2/dbgap_tcga/users/tianrui.qi/SIP-DB2/data/embd/TCGA-GN-A262-10A
816,/mnt/efs_v2/dbgap_tcga/users/tianrui.qi/SIP-DB2/data/embd/TCGA-GN-A263-01A
817,/mnt/efs_v2/dbgap_tcga/users/tianrui.qi/SIP-DB2/data/embd/TCGA-GN-A263-10A
818,/mnt/efs_v2/dbgap_tcga/users/tianrui.qi/SIP-DB2/data/embd/TCGA-GN-A264-06A
819,/mnt/efs_v2/dbgap_tcga/users/tianrui.qi/SIP-DB2/data/embd/TCGA-GN-A264-10A
820,/mnt/efs_v2/dbgap_tcga/users/tianrui.qi/SIP-DB2/data/embd/TCGA-GN-A265-06A
821,/mnt/efs_v2/dbgap_tcga/users/tianrui.qi/SIP-DB2/data/embd/TCGA-GN-A265-10A
822,/mnt/efs_v2/dbgap_tcga/users/tianrui.qi/SIP-DB2/data/embd/TCGA-GN-A266-06A
823,/mnt/efs_v2/dbgap_tcga/users/tianrui.qi/SIP-DB2/data/embd/TCGA-GN-A266-10A
824,/mnt/efs_v2/dbgap_tcga/users/tianrui.qi/SIP-DB2/data/embd/TCGA-GN-A267-06A
825,/mnt/efs_v2/dbgap_tcga/users/tianrui.qi/SIP-DB2/data/embd/TCGA-GN-A267-10A
826,/mnt/efs_v2/dbgap_tcga/users/tianrui.qi/SIP-DB2/data/embd/TCGA-GN-A268-06A
827,/mnt/efs_v2/dbgap_tcga/users/tianrui.qi/SIP-DB2/data/embd/TCGA-GN-A268-10A
828,/mnt/efs_v2/dbgap_tcga/users/tianrui.qi/SIP-DB2/data/embd/TCGA-GN-A269-01A
829,/mnt/efs_v2/dbgap_tcga/users/tianrui.qi/SIP-DB2/data/embd/TCGA-GN-A269-10A
830,/mnt/efs_v2/dbgap_tcga/users/tianrui.qi/SIP-DB2/data/embd/TCGA-GN-A26A-06A
831,/mnt/efs_v2/dbgap_tcga/users/tianrui.qi/SIP-DB2/data/embd/TCGA-GN-A26A-10A
832,/mnt/efs_v2/dbgap_tcga/users/tianrui.qi/SIP-DB2/data/embd/TCGA-GN-A26C-01A
833,/mnt/efs_v2/dbgap_tcga/users/tianrui.qi/SIP-DB2/data/embd/TCGA-GN-A26C-10A
834,/mnt/efs_v2/dbgap_tcga/users/tianrui.qi/SIP-DB2/data/embd/TCGA-GN-A26D-06A
835,/mnt/efs_v2/dbgap_tcga/users/tianrui.qi/SIP-DB2/data/embd/TCGA-GN-A26D-10A
836,/mnt/efs_v2/dbgap_tcga/users/tianrui.qi/SIP-DB2/data/embd/TCGA-GN-A4U3-06A
837,/mnt/efs_v2/dbgap_tcga/users/tianrui.qi/SIP-DB2/data/embd/TCGA-GN-A4U3-10F
838,/mnt/efs_v2/dbgap_tcga/users/tianrui.qi/SIP-DB2/data/embd/TCGA-GN-A4U4-06A
839,/mnt/efs_v2/dbgap_tcga/users/tianrui.qi/SIP-DB2/data/embd/TCGA-GN-A4U4-10B
840,/mnt/efs_v2/dbgap_tcga/users/tianrui.qi/SIP-DB2/data/embd/TCGA-GN-A4U5-01A
841,/mnt/efs_v2/dbgap_tcga/users/tianrui.qi/SIP-DB2/data/embd/TCGA-GN-A4U5-10B
842,/mnt/efs_v2/dbgap_tcga/users/tianrui.qi/SIP-DB2/data/embd/TCGA-GN-A4U7-06A
843,/mnt/efs_v2/dbgap_tcga/users/tianrui.qi/SIP-DB2/data/embd/TCGA-GN-A4U7-10B
844,/mnt/efs_v2/dbgap_tcga/users/tianrui.qi/SIP-DB2/data/embd/TCGA-GN-A4U8-06A
845,/mnt/efs_v2/dbgap_tcga/users/tianrui.qi/SIP-DB2/data/embd/TCGA-GN-A4U8-10B
846,/mnt/efs_v2/dbgap_tcga/users/tianrui.qi/SIP-DB2/data/embd/TCGA-GN-A4U8-11A
847,/mnt/efs_v2/dbgap_tcga/users/tianrui.qi/SIP-DB2/data/embd/TCGA-GN-A4U9-06A
848,/mnt/efs_v2/dbgap_tcga/users/tianrui.qi/SIP-DB2/data/embd/TCGA-GN-A4U9-10B
849,/mnt/efs_v2/dbgap_tcga/users/tianrui.qi/SIP-DB2/data/embd/TCGA-GN-A8LK-06A
850,/mnt/efs_v2/dbgap_tcga/users/tianrui.qi/SIP-DB2/data/embd/TCGA-GN-A8LK-10A
851,/mnt/efs_v2/dbgap_tcga/users/tianrui.qi/SIP-DB2/data/embd/TCGA-GN-A8LL-06A
852,/mnt/efs_v2/dbgap_tcga/users/tianrui.qi/SIP-DB2/data/embd/TCGA-GN-A8LL-10A
853,/mnt/efs_v2/dbgap_tcga/users/tianrui.qi/SIP-DB2/data/embd/TCGA-GN-A8LN-01A
854,/mnt/efs_v2/dbgap_tcga/users/tianrui.qi/SIP-DB2/data/embd/TCGA-GN-A8LN-10A
855,/mnt/efs_v2/dbgap_tcga/users/tianrui.qi/SIP-DB2/data/embd/TCGA-GN-A9SD-06A
856,/mnt/efs_v2/dbgap_tcga/users/tianrui.qi/SIP-DB2/data/embd/TCGA-GN-A9SD-10A
857,/mnt/efs_v2/dbgap_tcga/users/tianrui.qi/SIP-DB2/data/embd/TCGA-HR-A2OG-06A
858,/mnt/efs_v2/dbgap_tcga/users/tianrui.qi/SIP-DB2/data/embd/TCGA-HR-A2OG-10A
859,/mnt/efs_v2/dbgap_tcga/users/tianrui.qi/SIP-DB2/data/embd/TCGA-HR-A2OH-06A
860,/mnt/efs_v2/dbgap_tcga/users/tianrui.qi/SIP-DB2/data/embd/TCGA-HR-A2OH-10A
861,/mnt/efs_v2/dbgap_tcga/users/tianrui.qi/SIP-DB2/data/embd/TCGA-HR-A5NC-01A
862,/mnt/efs_v2/dbgap_tcga/users/tianrui.qi/SIP-DB2/data/embd/TCGA-HR-A5NC-10A
863,/mnt/efs_v2/dbgap_tcga/users/tianrui.qi/SIP-DB2/data/embd/TCGA-IH-A3EA-01A
864,/mnt/efs_v2/dbgap_tcga/users/tianrui.qi/SIP-DB2/data/embd/TCGA-IH-A3EA-10A
865,/mnt/efs_v2/dbgap_tcga/users/tianrui.qi/SIP-DB2/data/embd/TCGA-LH-A9QB-06A
866,/mnt/efs_v2/dbgap_tcga/users/tianrui.qi/SIP-DB2/data/embd/TCGA-LH-A9QB-10A
867,/mnt/efs_v2/dbgap_tcga/users/tianrui.qi/SIP-DB2/data/embd/TCGA-OD-A75X-06A
868,/mnt/efs_v2/dbgap_tcga/users/tianrui.qi/SIP-DB2/data/embd/TCGA-OD-A75X-10A
869,/mnt/efs_v2/dbgap_tcga/users/tianrui.qi/SIP-DB2/data/embd/TCGA-QB-A6FS-06A
870,/mnt/efs_v2/dbgap_tcga/users/tianrui.qi/SIP-DB2/data/embd/TCGA-QB-A6FS-10A
871,/mnt/efs_v2/dbgap_tcga/users/tianrui.qi/SIP-DB2/data/embd/TCGA-QB-AA9O-06A
872,/mnt/efs_v2/dbgap_tcga/users/tianrui.qi/SIP-DB2/data/embd/TCGA-QB-AA9O-10A
873,/mnt/efs_v2/dbgap_tcga/users/tianrui.qi/SIP-DB2/data/embd/TCGA-RP-A690-06A
874,/mnt/efs_v2/dbgap_tcga/users/tianrui.qi/SIP-DB2/data/embd/TCGA-RP-A690-10A
875,/mnt/efs_v2/dbgap_tcga/users/tianrui.qi/SIP-DB2/data/embd/TCGA-RP-A693-06A
876,/mnt/efs_v2/dbgap_tcga/users/tianrui.qi/SIP-DB2/data/embd/TCGA-RP-A693-10A
877,/mnt/efs_v2/dbgap_tcga/users/tianrui.qi/SIP-DB2/data/embd/TCGA-RP-A694-06A
878,/mnt/efs_v2/dbgap_tcga/users/tianrui.qi/SIP-DB2/data/embd/TCGA-RP-A694-10A
879,/mnt/efs_v2/dbgap_tcga/users/tianrui.qi/SIP-DB2/data/embd/TCGA-RP-A695-06A
880,/mnt/efs_v2/dbgap_tcga/users/tianrui.qi/SIP-DB2/data/embd/TCGA-RP-A695-10A
881,/mnt/efs_v2/dbgap_tcga/users/tianrui.qi/SIP-DB2/data/embd/TCGA-RP-A6K9-06A
882,/mnt/efs_v2/dbgap_tcga/users/tianrui.qi/SIP-DB2/data/embd/TCGA-RP-A6K9-10A
883,/mnt/efs_v2/dbgap_tcga/users/tianrui.qi/SIP-DB2/data/embd/TCGA-W3-A824-06A
884,/mnt/efs_v2/dbgap_tcga/users/tianrui.qi/SIP-DB2/data/embd/TCGA-W3-A824-10A
885,/mnt/efs_v2/dbgap_tcga/users/tianrui.qi/SIP-DB2/data/embd/TCGA-W3-A825-06A
886,/mnt/efs_v2/dbgap_tcga/users/tianrui.qi/SIP-DB2/data/embd/TCGA-W3-A825-10A
887,/mnt/efs_v2/dbgap_tcga/users/tianrui.qi/SIP-DB2/data/embd/TCGA-W3-A828-06A
888,/mnt/efs_v2/dbgap_tcga/users/tianrui.qi/SIP-DB2/data/embd/TCGA-W3-A828-10A
889,/mnt/efs_v2/dbgap_tcga/users/tianrui.qi/SIP-DB2/data/embd/TCGA-W3-AA1O-06A
890,/mnt/efs_v2/dbgap_tcga/users/tianrui.qi/SIP-DB2/data/embd/TCGA-W3-AA1O-10A
891,/mnt/efs_v2/dbgap_tcga/users/tianrui.qi/SIP-DB2/data/embd/TCGA-W3-AA1Q-06A
892,/mnt/efs_v2/dbgap_tcga/users/tianrui.qi/SIP-DB2/data/embd/TCGA-W3-AA1Q-10A
893,/mnt/efs_v2/dbgap_tcga/users/tianrui.qi/SIP-DB2/data/embd/TCGA-W3-AA1R-06A
894,/mnt/efs_v2/dbgap_tcga/users/tianrui.qi/SIP-DB2/data/embd/TCGA-W3-AA1R-10A
895,/mnt/efs_v2/dbgap_tcga/users/tianrui.qi/SIP-DB2/data/embd/TCGA-W3-AA1V-06B
896,/mnt/efs_v2/dbgap_tcga/users/tianrui.qi/SIP-DB2/data/embd/TCGA-W3-AA1V-10A
897,/mnt/efs_v2/dbgap_tcga/users/tianrui.qi/SIP-DB2/data/embd/TCGA-W3-AA1W-06A
898,/mnt/efs_v2/dbgap_tcga/users/tianrui.qi/SIP-DB2/data/embd/TCGA-W3-AA1W-10A
899,/mnt/efs_v2/dbgap_tcga/users/tianrui.qi/SIP-DB2/data/embd/TCGA-W3-AA21-06A
900,/mnt/efs_v2/dbgap_tcga/users/tianrui.qi/SIP-DB2/data/embd/TCGA-W3-AA21-10A
901,/mnt/efs_v2/dbgap_tcga/users/tianrui.qi/SIP-DB2/data/embd/TCGA-WE-A8JZ-06A
902,/mnt/efs_v2/dbgap_tcga/users/tianrui.qi/SIP-DB2/data/embd/TCGA-WE-A8JZ-10A
903,/mnt/efs_v2/dbgap_tcga/users/tianrui.qi/SIP-DB2/data/embd/TCGA-WE-A8K1-06A
904,/mnt/efs_v2/dbgap_tcga/users/tianrui.qi/SIP-DB2/data/embd/TCGA-WE-A8K1-10A
905,/mnt/efs_v2/dbgap_tcga/users/tianrui.qi/SIP-DB2/data/embd/TCGA-WE-A8K4-01A
906,/mnt/efs_v2/dbgap_tcga/users/tianrui.qi/SIP-DB2/data/embd/TCGA-WE-A8K4-10A
907,/mnt/efs_v2/dbgap_tcga/users/tianrui.qi/SIP-DB2/data/embd/TCGA-WE-A8K5-06A
908,/mnt/efs_v2/dbgap_tcga/users/tianrui.qi/SIP-DB2/data/embd/TCGA-WE-A8K5-10A
909,/mnt/efs_v2/dbgap_tcga/users/tianrui.qi/SIP-DB2/data/embd/TCGA-WE-A8K6-06A
910,/mnt/efs_v2/dbgap_tcga/users/tianrui.qi/SIP-DB2/data/embd/TCGA-WE-A8K6-10A
911,/mnt/efs_v2/dbgap_tcga/users/tianrui.qi/SIP-DB2/data/embd/TCGA-WE-A8ZM-06A
912,/mnt/efs_v2/dbgap_tcga/users/tianrui.qi/SIP-DB2/data/embd/TCGA-WE-A8ZM-10A
913,/mnt/efs_v2/dbgap_tcga/users/tianrui.qi/SIP-DB2/data/embd/TCGA-WE-A8ZN-06A
914,/mnt/efs_v2/dbgap_tcga/users/tianrui.qi/SIP-DB2/data/embd/TCGA-WE-A8ZN-10A
915,/mnt/efs_v2/dbgap_tcga/users/tianrui.qi/SIP-DB2/data/embd/TCGA-WE-A8ZO-06A
916,/mnt/efs_v2/dbgap_tcga/users/tianrui.qi/SIP-DB2/data/embd/TCGA-WE-A8ZO-10A
917,/mnt/efs_v2/dbgap_tcga/users/tianrui.qi/SIP-DB2/data/embd/TCGA-WE-A8ZQ-06A
918,/mnt/efs_v2/dbgap_tcga/users/tianrui.qi/SIP-DB2/data/embd/TCGA-WE-A8ZQ-10A
919,/mnt/efs_v2/dbgap_tcga/users/tianrui.qi/SIP-DB2/data/embd/TCGA-WE-A8ZR-06A
920,/mnt/efs_v2/dbgap_tcga/users/tianrui.qi/SIP-DB2/data/embd/TCGA-WE-A8ZR-10A
921,/mnt/efs_v2/dbgap_tcga/users/tianrui.qi/SIP-DB2/data/embd/TCGA-WE-A8ZT-06A
922,/mnt/efs_v2/dbgap_tcga/users/tianrui.qi/SIP-DB2/data/embd/TCGA-WE-A8ZT-10A
923,/mnt/efs_v2/dbgap_tcga/users/tianrui.qi/SIP-DB2/data/embd/TCGA-WE-A8ZX-06A
924,/mnt/efs_v2/dbgap_tcga/users/tianrui.qi/SIP-DB2/data/embd/TCGA-WE-A8ZX-10A
925,/mnt/efs_v2/dbgap_tcga/users/tianrui.qi/SIP-DB2/data/embd/TCGA-WE-A8ZY-06A
926,/mnt/efs_v2/dbgap_tcga/users/tianrui.qi/SIP-DB2/data/embd/TCGA-WE-A8ZY-10A
927,/mnt/efs_v2/dbgap_tcga/users/tianrui.qi/SIP-DB2/data/embd/TCGA-WE-AA9Y-06A
928,/mnt/efs_v2/dbgap_tcga/users/tianrui.qi/SIP-DB2/data/embd/TCGA-WE-AA9Y-10A
929,/mnt/efs_v2/dbgap_tcga/users/tianrui.qi/SIP-DB2/data/embd/TCGA-WE-AAA0-06A
930,/mnt/efs_v2/dbgap_tcga/users/tianrui.qi/SIP-DB2/data/embd/TCGA-WE-AAA0-10A
931,/mnt/efs_v2/dbgap_tcga/users/tianrui.qi/SIP-DB2/data/embd/TCGA-WE-AAA3-06A
932,/mnt/efs_v2/dbgap_tcga/users/tianrui.qi/SIP-DB2/data/embd/TCGA-WE-AAA3-10A
933,/mnt/efs_v2/dbgap_tcga/users/tianrui.qi/SIP-DB2/data/embd/TCGA-WE-AAA4-06A
934,/mnt/efs_v2/dbgap_tcga/users/tianrui.qi/SIP-DB2/data/embd/TCGA-WE-AAA4-10A
935,/mnt/efs_v2/dbgap_tcga/users/tianrui.qi/SIP-DB2/data/embd/TCGA-XV-A9VZ-01A
936,/mnt/efs_v2/dbgap_tcga/users/tianrui.qi/SIP-DB2/data/embd/TCGA-XV-A9VZ-10A
937,/mnt/efs_v2/dbgap_tcga/users/tianrui.qi/SIP-DB2/data/embd/TCGA-XV-A9W2-01A
938,/mnt/efs_v2/dbgap_tcga/users/tianrui.qi/SIP-DB2/data/embd/TCGA-XV-A9W2-10A
939,/mnt/efs_v2/dbgap_tcga/users/tianrui.qi/SIP-DB2/data/embd/TCGA-XV-A9W5-01A
940,/mnt/efs_v2/dbgap_tcga/users/tianrui.qi/SIP-DB2/data/embd/TCGA-XV-A9W5-10A
941,/mnt/efs_v2/dbgap_tcga/users/tianrui.qi/SIP-DB2/data/embd/TCGA-XV-AAZV-01A
942,/mnt/efs_v2/dbgap_tcga/users/tianrui.qi/SIP-DB2/data/embd/TCGA-XV-AAZV-10A
943,/mnt/efs_v2/dbgap_tcga/users/tianrui.qi/SIP-DB2/data/embd/TCGA-XV-AAZW-01A
944,/mnt/efs_v2/dbgap_tcga/users/tianrui.qi/SIP-DB2/data/embd/TCGA-XV-AAZW-10A
945,/mnt/efs_v2/dbgap_tcga/users/tianrui.qi/SIP-DB2/data/embd/TCGA-XV-AAZY-01A
946,/mnt/efs_v2/dbgap_tcga/users/tianrui.qi/SIP-DB2/data/embd/TCGA-XV-AAZY-10A
947,/mnt/efs_v2/dbgap_tcga/users/tianrui.qi/SIP-DB2/data/embd/TCGA-XV-AB01-06A
948,/mnt/efs_v2/dbgap_tcga/users/tianrui.qi/SIP-DB2/data/embd/TCGA-XV-AB01-10A
949,/mnt/efs_v2/dbgap_tcga/users/tianrui.qi/SIP-DB2/data/embd/TCGA-YD-A89C-06A
950,/mnt/efs_v2/dbgap_tcga/users/tianrui.qi/SIP-DB2/data/embd/TCGA-YD-A89C-10A
951,/mnt/efs_v2/dbgap_tcga/users/tianrui.qi/SIP-DB2/data/embd/TCGA-YD-A9TA-06A
952,/mnt/efs_v2/dbgap_tcga/users/tianrui.qi/SIP-DB2/data/embd/TCGA-YD-A9TA-10A
953,/mnt/efs_v2/dbgap_tcga/users/tianrui.qi/SIP-DB2/data/embd/TCGA-YD-A9TB-06A
954,/mnt/efs_v2/dbgap_tcga/users/tianrui.qi/SIP-DB2/data/embd/TCGA-YD-A9TB-10A
955,/mnt/efs_v2/dbgap_tcga/users/tianrui.qi/SIP-DB2/data/embd/TCGA-YG-AA3N-01A
956,/mnt/efs_v2/dbgap_tcga/users/tianrui.qi/SIP-DB2/data/embd/TCGA-YG-AA3N-10A
957,/mnt/efs_v2/dbgap_tcga/users/tianrui.qi/SIP-DB2/data/embd/TCGA-YG-AA3O-06A
958,/mnt/efs_v2/dbgap_tcga/users/tianrui.qi/SIP-DB2/data/embd/TCGA-YG-AA3O-10A
959,/mnt/efs_v2/dbgap_tcga/users/tianrui.qi/SIP-DB2/data/embd/TCGA-YG-AA3P-06A
960,/mnt/efs_v2/dbgap_tcga/users/tianrui.qi/SIP-DB2/data/embd/TCGA-YG-AA3P-10A
961,/mnt/efs_v2/dbgap_tcga/users/tianrui.qi/SIP-DB2/data/embd/TCGA-Z2-A8RT-06A
962,/mnt/efs_v2/dbgap_tcga/users/tianrui.qi/SIP-DB2/data/embd/TCGA-Z2-A8RT-10A
963,/mnt/efs_v2/dbgap_tcga/users/tianrui.qi/SIP-DB2/data/embd/TCGA-Z2-AA3S-06A
964,/mnt/efs_v2/dbgap_tcga/users/tianrui.qi/SIP-DB2/data/embd/TCGA-Z2-AA3S-10A
965,/mnt/efs_v2/dbgap_tcga/users/tianrui.qi/SIP-DB2/data/embd/TCGA-Z2-AA3V-06A
966,/mnt/efs_v2/dbgap_tcga/users/tianrui.qi/SIP-DB2/data/embd/TCGA-Z2-AA3V-10A
